"0","49","1566","Good certainly front add despite always material food subject full.","5","2020-04-24 09:55:50"
"1","17","694","Stand choose national win Republican culture yeah.","5","1999-05-30 20:11:26"
"2","33","179","Year these American article cup.","5","2002-08-03 07:38:12"
"3","11","1619","Human lead lot politics add choose.","3","1989-05-18 18:19:55"
"4","92","710","Read woman current management seek.","3","2007-06-26 13:37:22"
"5","43","486","Pattern radio feel seat property tax low.","1","1978-08-23 06:15:03"
"6","26","1685","Value value stock teach evening radio page.","4","1983-03-14 03:16:19"
"7","94","1683","Maybe decide clearly Congress easy without store need.","1","1973-07-01 13:15:19"
"8","68","134","Age particularly measure fast that lay size feeling.","3","2010-08-03 07:04:10"
"9","76","1895","The other rock out nor usually already.","5","1978-08-23 23:41:27"
"10","24","1900","Too decade house point than notice very.","3","1971-08-07 17:26:01"
"11","14","46","Several live must include support explain admit.","2","2019-02-25 17:50:20"
"12","72","153","Nearly according be part world matter concern democratic claim.","1","1984-02-14 14:16:04"
"13","74","1981","Great seven color order cause budget.","3","1971-12-21 02:22:29"
"14","64","867","Ten open media consumer.","3","2018-06-02 17:37:15"
"15","42","1207","Decide out require realize probably record protect.","5","2011-01-28 11:23:18"
"16","89","740","Together too three whose military read use writer.","5","1991-07-03 10:44:32"
"17","48","1306","Material when none gas safe purpose certain.","5","2001-06-23 18:22:14"
"18","3","767","Add stage which shake apply.","2","2021-03-15 03:12:00"
"19","93","1710","Traditional continue movement pull bag.","4","1984-11-30 02:17:17"
"20","20","138","Sister home value long suffer left although here.","1","1986-03-20 12:38:02"
"21","76","877","Material focus smile also Democrat how.","5","2003-11-06 06:59:54"
"22","31","1007","Support while knowledge teacher box relationship.","5","1983-01-31 08:54:05"
"23","37","239","Occur including music girl.","3","2013-03-24 13:19:56"
"24","16","651","Brother attorney by discussion avoid Congress black provide hair about.","4","2004-10-28 12:05:29"
"25","60","1310","Understand picture choice stock base.","2","2013-09-22 00:36:26"
"26","70","543","Choice threat already former full real ready religious head.","3","1993-12-22 00:01:50"
"27","60","176","Thing million add company industry.","2","2002-01-26 20:39:58"
"28","52","767","Alone memory democratic response follow ability action support.","3","1973-01-30 08:59:45"
"29","75","7","Eye quickly almost audience final clear concern value east common pretty.","2","2007-07-05 04:44:59"
"30","56","158","Standard skin huge soldier decision through.","5","1998-07-28 23:41:00"
"31","28","1315","Economy service he voice suddenly check force middle movement wrong.","3","1970-09-19 22:10:01"
"32","70","312","Commercial low future next reflect during culture.","5","1974-12-25 06:47:31"
"33","34","602","Offer impact think agreement every the her home range parent.","5","2022-01-14 17:32:10"
"34","12","1299","Speak fine and hour thus bad daughter.","3","2021-08-21 08:17:05"
"35","88","1584","Should always arrive whose level indicate.","1","2020-11-21 08:06:33"
"36","5","928","Mr PM myself face well.","3","2020-10-12 18:51:26"
"37","95","690","Painting investment effort recognize support small right impact.","4","1979-10-25 12:23:41"
"38","72","728","Discussion positive important ten maintain author conference owner.","4","2020-04-25 07:56:08"
"39","2","234","Party blue value certain miss act.","3","2011-03-04 15:46:09"
"40","67","340","Participant should rather learn begin region hotel doctor affect second course.","1","1989-11-11 18:23:48"
"41","36","324","Read individual these agreement write cold wrong standard instead visit.","3","1999-01-14 00:05:00"
"42","22","285","Until method college prepare can data possible.","2","1998-06-08 22:26:37"
"43","42","1622","Professional great apply company future call heart.","3","2021-10-19 03:59:17"
"44","63","1678","Store garden cut letter expert audience play record event fill.","5","1994-10-01 12:24:28"
"45","73","1971","Him effort indeed reason education drop.","3","2009-05-24 10:59:58"
"46","67","550","Each explain herself heavy money.","2","1992-01-28 04:12:58"
"47","31","1996","Other half it market audience player security good common this.","5","1991-10-17 00:13:01"
"48","16","639","Season else wife notice us song.","1","2020-04-21 20:41:08"
"49","1","1272","Produce series remember bag physical effect kitchen kind ground over.","2","1973-06-27 05:16:39"
"50","7","1375","Lot prevent poor raise.","2","1993-03-19 13:50:15"
"51","0","1157","Candidate role everything others cold approach chair focus issue imagine.","1","1971-11-07 01:45:10"
"52","95","652","Assume billion off book agency again financial letter hand beautiful.","1","1985-11-29 05:20:24"
"53","30","1770","Have court wide suddenly very yeah population law product.","3","1974-12-29 07:02:28"
"54","64","738","Religious space who similar general degree do store choose.","1","2018-09-07 10:26:40"
"55","93","1089","Civil save computer group lead.","5","2001-03-13 19:49:06"
"56","33","291","Travel themselves hospital occur picture.","2","2009-08-04 23:13:00"
"57","72","1583","Radio usually care lay something give though address.","3","1979-02-22 16:04:55"
"58","24","1961","Through west structure reality rate technology ask.","5","1978-07-08 09:30:51"
"59","74","164","Of western production they whatever food compare general.","1","2007-02-04 04:07:07"
"60","3","1444","Decide cell doctor police continue course fly four design poor.","4","1981-02-24 14:27:00"
"61","57","1573","Father resource however play day start mother TV little season indicate.","1","1994-11-28 08:56:31"
"62","94","304","Owner nor with at eight effect accept.","1","1987-03-23 23:00:41"
"63","74","1841","Store join film business style half born maybe.","4","1999-03-11 02:32:29"
"64","35","198","Parent instead yet lead attorney.","4","1993-06-12 23:01:45"
"65","40","188","Side president fish perform reality ball bar example involve.","3","1992-10-16 01:23:49"
"66","40","914","Analysis cell section short by production just these grow.","1","1978-06-18 18:38:43"
"67","97","1466","Dark future specific group same already apply.","1","1999-06-26 12:03:28"
"68","96","770","Receive difficult dog table live language.","5","2013-06-13 19:38:00"
"69","20","29","Own religious effect religious the TV.","4","1995-10-16 02:57:22"
"70","20","421","Cut computer create history agree range star gas marriage.","5","1977-01-23 07:41:56"
"71","28","1336","Require military apply and owner ahead.","1","1999-05-23 05:16:37"
"72","53","656","Expect possible step common medical.","4","2009-12-12 14:39:57"
"73","62","1108","Former such ground no road majority prepare example.","5","1986-08-21 06:28:23"
"74","96","207","Everyone fast help bit energy.","3","2011-08-19 06:16:18"
"75","29","1431","Vote actually economic discuss cause produce money financial scientist arm.","3","2005-09-11 20:49:10"
"76","30","973","Eat why voice under possible hold organization business under relate.","1","2018-02-03 09:58:52"
"77","57","1289","Kid someone American return detail employee yes case.","5","1995-08-09 14:43:25"
"78","33","1447","Happy kitchen argue partner environment its like draw.","1","2007-01-17 07:27:47"
"79","90","461","One water seem right raise unit.","4","2017-11-30 12:53:58"
"80","38","1701","Soldier fight box view tree board eye.","3","1970-07-09 20:03:31"
"81","64","806","Blood dinner first pick marriage that cold note season.","5","2001-05-26 15:46:15"
"82","16","511","Effect prepare seven effort difficult make inside allow idea society.","5","2010-12-30 00:55:15"
"83","78","1824","Cost whole whatever follow no often.","2","1994-05-20 05:02:19"
"84","77","750","Information down cup husband fill.","1","2001-11-29 22:12:57"
"85","77","1982","Trip whole meeting bad strong argue.","5","2019-07-10 23:07:18"
"86","91","383","Cut time hold sure authority international husband nature always.","1","2001-11-05 05:14:31"
"87","39","999","Any according worker she up return large center.","1","2007-09-08 15:58:53"
"88","34","980","Relate your claim suffer follow report.","3","1988-07-14 21:26:51"
"89","87","1830","Serious nature animal guy some learn final.","4","1987-03-31 02:52:51"
"90","4","1991","Piece by sense provide make growth today laugh.","1","1984-02-07 03:01:49"
"91","33","1637","Participant realize hair local never take.","4","2002-06-25 06:27:29"
"92","69","1640","Somebody next west everyone.","3","1980-07-11 06:10:45"
"93","63","1270","Nature interest already article return here together.","2","1997-04-29 22:37:12"
"94","97","276","Product on suddenly newspaper better say her Mrs discussion.","5","2001-08-02 20:25:54"
"95","38","605","Occur international industry hope popular after writer specific.","3","2000-10-15 10:33:08"
"96","19","1840","Fund church themselves expect military quality level act plant.","1","1992-10-28 04:42:44"
"97","17","1524","So final course foot bank.","5","1994-05-29 11:18:05"
"98","41","149","House final international catch together time.","5","1980-01-26 17:26:37"
"99","71","1895","Community at detail road sometimes traditional.","1","1985-03-11 17:59:07"
"100","99","1062","Cause side amount house candidate defense them point.","2","2021-07-23 16:48:34"
"101","98","799","Relationship describe inside process near late stage chance admit me.","4","2003-11-10 14:37:33"
"102","13","1642","Must each night stage cell with.","3","1999-06-14 22:35:39"
"103","57","1991","Huge though contain among herself my everybody run.","4","2011-01-07 09:37:03"
"104","50","1129","Environment million force mind really picture place social turn none.","3","2014-09-22 22:56:49"
"105","90","665","Sometimes ahead against social occur will.","1","2012-09-04 10:49:23"
"106","2","1227","Activity rise may break much sit production.","1","1980-03-02 00:35:14"
"107","13","1975","Avoid nothing spend then federal.","1","1986-10-08 00:21:10"
"108","81","957","Economic analysis operation popular will option three training machine.","2","1984-07-09 04:43:45"
"109","67","1281","Fact news man gas.","1","2009-01-06 14:36:22"
"110","3","344","Young instead Mr authority every.","3","1979-07-31 13:25:32"
"111","90","852","Discuss parent throughout hand group exist rate indeed big wrong.","3","1998-08-30 13:32:48"
"112","51","1094","News level per government court magazine them.","1","2017-10-11 14:37:06"
"113","53","1257","From toward moment explain worker born into fall official listen.","1","2023-09-29 22:56:22"
"114","11","1080","Right head pressure pressure center.","3","2015-06-21 18:42:40"
"115","25","1959","Newspaper assume daughter young wonder.","5","2020-04-27 08:20:38"
"116","30","1503","At popular people Mr against career face each.","4","2014-05-15 13:04:25"
"117","41","417","Protect receive simply authority record mother bit own.","2","1976-03-20 19:26:32"
"118","13","1321","Next unit us card task see serious notice.","2","2002-04-10 01:06:37"
"119","66","1220","Loss experience every tree feel Mr material.","3","1988-02-11 20:49:29"
"120","39","50","Type investment in thing military test around Mr outside.","4","1991-01-07 03:09:57"
"121","47","914","Into age institution control quality receive daughter building near prevent.","1","2002-10-13 03:10:39"
"122","52","1174","Individual step act prove become either miss.","2","2000-06-26 01:43:30"
"123","77","1707","Although expect particular couple its.","5","1988-05-06 18:42:25"
"124","36","1439","Personal matter analysis group the apply available.","1","1998-05-23 17:01:35"
"125","66","367","Really if indicate office dog receive produce toward federal relationship information.","3","1995-07-01 10:11:36"
"126","72","1218","Least soldier include end clear.","3","1980-02-14 22:47:12"
"127","24","548","About or might animal idea very understand care.","5","1980-09-14 23:07:10"
"128","13","910","The important style imagine enough alone.","4","1988-04-12 19:41:02"
"129","98","1343","Clearly test throughout check news image news why.","2","2018-04-04 08:10:49"
"130","64","605","Matter glass time score fly hospital address relate.","3","1994-07-17 17:25:27"
"131","31","1346","Trouble actually east season hard likely line yet off behavior.","3","2017-07-22 03:06:40"
"132","14","218","Three area now defense better.","1","1985-09-07 11:53:56"
"133","48","587","Newspaper son admit house general capital onto pass.","2","2022-10-07 07:56:06"
"134","56","1820","Easy civil body draw scientist customer call series skill occur or.","1","1971-06-09 23:07:31"
"135","96","498","Before hotel eight away race professional.","3","1974-02-23 06:23:13"
"136","10","1979","Line shake bed show seem bag general yard.","5","1979-01-05 04:27:06"
"137","52","887","Play keep hotel together evening hundred idea food.","4","2022-10-08 23:48:48"
"138","11","176","Pull former west sell base forget heart.","4","1982-03-05 10:46:24"
"139","17","1020","Fear car such put mention.","4","1989-03-03 15:57:05"
"140","12","640","Interesting party mother show particular you song well truth bit.","3","1986-09-26 02:57:59"
"141","52","153","Media federal officer available computer give contain.","3","1989-10-17 11:45:13"
"142","35","784","Military year culture home fund above bag.","2","1992-04-30 11:26:58"
"143","67","956","Court artist cut rule name human style movie.","5","1981-02-15 00:06:01"
"144","54","787","Skill heavy someone product support.","1","2021-07-05 11:37:37"
"145","39","28","Parent large voice occur seven become story marriage.","5","1980-02-19 23:10:18"
"146","88","872","International message theory care five rule kid source natural floor.","4","1987-04-30 18:16:52"
"147","0","1147","Raise actually garden director social subject give mother window risk.","4","1976-11-19 17:27:33"
"148","23","1904","Heavy purpose letter politics notice board around visit high next.","3","1985-07-31 12:34:44"
"149","24","1970","Ok behavior skin discover discover will man would.","4","1978-03-05 13:50:43"
"150","12","1990","Animal boy draw against head.","5","2000-06-16 02:35:32"
"151","84","937","Recognize compare analysis wait nature cut song.","3","1983-02-04 12:07:08"
"152","95","1183","Little recently allow simple agree move account.","4","1973-08-01 15:08:26"
"153","19","776","Else claim human reality community sing above front three evidence.","4","1973-07-04 07:02:15"
"154","27","1195","Education center nothing partner opportunity really raise watch war.","4","2005-05-15 07:09:36"
"155","66","1628","Memory series foreign difficult control animal.","3","2016-01-12 05:57:01"
"156","72","799","His lawyer member bit charge would culture.","4","1992-06-22 14:16:54"
"157","86","1193","Onto science interest rest reach.","5","2006-10-30 09:22:11"
"158","42","1321","Everybody front when between pass food respond method give.","2","1970-07-12 12:43:12"
"159","5","587","Majority explain fill consider white carry.","2","2000-11-26 01:45:32"
"160","79","262","Character option somebody cell box skin you.","3","2004-08-07 12:54:32"
"161","52","1079","Include light late away leg information book else.","5","2002-08-02 11:28:41"
"162","83","204","Investment mother political out resource.","4","1995-01-30 07:37:46"
"163","13","1805","Detail land material develop authority.","1","2017-11-10 07:49:00"
"164","6","1620","Record writer keep whatever amount.","4","1994-08-19 17:23:13"
"165","92","367","Beyond thought daughter hospital security whose win across.","2","1989-12-17 12:08:20"
"166","49","1161","Computer us design state place.","2","1987-01-04 12:41:52"
"167","31","1661","Most experience design allow visit.","1","1972-03-27 02:09:23"
"168","89","864","Where morning suffer play people age pass particularly rule.","1","1996-07-01 04:55:47"
"169","50","1076","Group safe process artist appear organization out themselves.","5","2003-04-29 04:47:50"
"170","64","1678","Crime phone civil and bar its actually include less.","4","1982-02-07 08:56:57"
"171","9","988","Hospital able computer son degree avoid home despite first leg role.","3","2011-04-03 04:14:25"
"172","97","1279","Remain well generation two good wish behind yard.","5","1976-10-20 16:12:25"
"173","81","1392","Practice positive camera late.","4","2011-12-27 13:37:07"
"174","20","1310","This culture very I knowledge policy.","3","1991-06-05 10:56:23"
"175","75","1532","Shoulder ground relate address support.","3","1977-03-20 08:58:00"
"176","86","1500","Effort reach right nothing trip phone play.","2","1981-09-26 04:22:33"
"177","58","168","Perhaps building dog best conference pattern computer public.","3","1979-01-17 14:37:13"
"178","60","1524","Record well discover pretty court since.","5","1981-03-04 01:26:42"
"179","61","1998","Participant indeed plan small little others ago that.","4","2021-07-01 14:23:07"
"180","4","1936","Loss natural member wish.","5","2020-04-13 16:22:50"
"181","41","1697","List figure test conference bar blood everything student reality watch.","4","2001-09-15 08:34:18"
"182","65","1429","Concern former blue finally box difficult.","4","2001-06-11 06:29:06"
"183","4","1355","Pick series wait Democrat one catch president respond tell goal.","5","2004-02-03 15:04:40"
"184","32","1226","Media camera if left boy picture face page author become.","5","1984-10-17 07:10:38"
"185","17","980","Home prove include game market person mention record herself wife.","3","1978-03-22 05:22:02"
"186","38","728","Standard ball concern ever treat church vote physical describe hot.","2","1985-10-31 12:46:15"
"187","84","1076","Might hotel again suggest challenge consider live miss may evidence.","2","1990-09-20 05:52:50"
"188","91","877","Charge force matter tough finally worry I life apply.","2","2011-01-08 16:33:32"
"189","22","618","Front collection help society trip mention my newspaper.","5","2018-05-14 04:36:07"
"190","25","1595","Model way politics single close report hospital enjoy.","2","1995-09-22 17:02:06"
"191","67","1970","Close compare establish senior end degree discussion point way.","4","1996-10-20 23:54:50"
"192","96","895","These gas whether wear tough instead small through dog tax.","3","1990-08-09 20:53:41"
"193","53","431","Toward bill marriage news yes player bit woman.","1","2006-08-07 12:06:21"
"194","39","688","Past bank dinner federal.","5","1996-05-12 13:25:20"
"195","79","1129","General lawyer well whether notice nice.","3","1996-01-19 19:26:06"
"196","50","523","Dark authority learn apply local sell shoulder necessary authority black.","1","2004-08-02 14:18:58"
"197","97","246","Military success past century firm sell team cause paper.","2","2008-01-11 00:01:24"
"198","86","1520","Myself city reveal kind join.","5","1996-05-23 06:03:22"
"199","21","1669","Affect guess thank both market join season grow college.","4","1977-12-08 02:57:28"
"200","43","1316","Example trip price Mr perform thus way.","4","1999-12-15 18:00:39"
"201","58","804","Song animal impact ago hundred name political simple note check.","3","2001-10-12 03:59:07"
"202","59","1094","Large exactly result lawyer my national billion memory.","4","1976-04-22 02:51:05"
"203","42","748","Soldier peace draw thought probably claim theory.","2","1970-10-04 06:00:06"
"204","25","729","Word until may light have find try right full.","2","2009-06-25 13:19:57"
"205","22","1375","Miss simple meeting return task similar be yard.","5","2012-12-29 10:38:39"
"206","36","1471","Fight performance fish stay conference television.","1","1972-08-18 01:27:23"
"207","16","576","Board training thank message name rate.","5","2011-11-19 11:10:45"
"208","56","745","Research face something camera term.","1","2011-05-31 13:26:27"
"209","57","634","Generation time other into very year.","1","2008-04-09 04:49:36"
"210","19","729","Send dinner commercial third five might film.","3","1979-08-17 07:28:04"
"211","1","545","Raise hope computer project since figure.","4","1994-10-09 00:22:17"
"212","22","685","Stuff significant language check PM consider management.","2","1998-02-20 10:00:19"
"213","12","550","Relationship room Congress lot loss history find major lose majority.","5","2018-10-11 02:33:17"
"214","32","1313","Question Mr attorney seek structure require school state tough recognize.","1","1995-07-13 18:00:16"
"215","83","1315","We ability once such item own.","1","2004-01-29 14:51:40"
"216","81","1148","Daughter energy enter be for personal concern.","5","1979-10-15 11:31:57"
"217","35","999","Card hot team agency explain field.","1","2021-04-16 23:03:15"
"218","62","1342","Back Democrat simple any become.","1","2020-04-07 09:52:58"
"219","34","1959","Deep responsibility out most sort land.","3","2002-02-21 08:33:22"
"220","87","814","Site memory the training just exactly.","1","1988-07-20 10:12:44"
"221","12","360","When agree such turn music radio fill believe leg inside.","3","1976-03-18 21:53:25"
"222","24","994","Attention care other any man remain Mr attack many interest.","5","2016-02-08 04:10:39"
"223","48","1209","Forget serve someone cell security make budget six.","1","1988-12-16 00:17:58"
"224","40","1227","Similar north a present family people just.","4","1977-05-01 09:42:51"
"225","0","56","Administration law my guy debate method job security sister.","4","1970-03-18 21:26:22"
"226","75","1571","My medical million there.","1","1979-09-17 14:47:36"
"227","78","1474","Exactly soldier direction office.","3","1985-11-30 09:26:40"
"228","79","955","Prepare owner my society too own.","2","1988-12-21 12:25:01"
"229","47","1389","List store top phone note growth central expert.","2","2000-12-01 21:15:07"
"230","53","150","Market claim manager lead movement she seem activity program.","1","2019-06-04 02:20:20"
"231","12","483","If camera imagine few need glass seven front politics up far.","2","2011-10-02 07:34:43"
"232","4","285","Key hear yeah what mention author hard and item point.","2","1995-08-05 18:13:05"
"233","50","1761","To road person task bit according.","2","2014-01-11 02:59:03"
"234","80","1669","Conference thing behind draw see break trial manager democratic tree.","1","1971-05-01 04:16:18"
"235","95","635","Cover civil stock trial professional animal.","5","1978-02-07 04:21:45"
"236","27","386","Deep well something pull anyone.","3","2022-02-11 09:04:38"
"237","17","1658","Simple often happen deal own make.","3","2014-03-29 21:21:58"
"238","80","1452","Value with manager some phone eye movie reduce.","1","2019-03-29 09:08:01"
"239","19","43","Live term the throw could realize.","3","2004-12-28 10:02:10"
"240","70","1928","Court yet card member become end its pass.","3","1984-01-25 06:53:47"
"241","26","1214","Government her career bit attorney yet military protect resource use.","5","1992-03-17 17:01:14"
"242","59","746","Stop voice senior space up hit.","5","2004-03-29 11:23:57"
"243","53","1267","Back technology apply low officer local fact manage.","2","2023-09-12 13:45:17"
"244","40","216","Share last woman once dream.","1","1978-06-12 18:58:21"
"245","18","895","Fish tell child model young.","5","1992-07-19 19:00:03"
"246","39","1477","Their American for task cost perform offer never.","2","1998-09-21 07:09:34"
"247","51","1233","Discussion audience safe free.","5","1981-12-16 10:13:57"
"248","68","1394","Yet factor avoid produce difficult couple increase employee.","1","1999-11-15 18:24:47"
"249","64","1734","Off clear product picture individual.","1","2011-05-02 04:22:16"
"250","64","1091","Mouth focus heavy himself of medical whose grow painting.","5","1971-04-27 15:38:17"
"251","88","1180","This read foot sport past street.","3","1980-04-21 05:26:04"
"252","89","466","Spend fear fall forward resource laugh relationship.","3","1978-03-25 15:41:02"
"253","57","891","Open line life receive long research almost score perhaps executive.","2","2014-07-09 18:13:43"
"254","5","1841","Side strong hot series.","4","1980-02-06 22:50:42"
"255","83","56","Hour and glass local current fall senior.","2","1998-01-04 13:57:26"
"256","57","747","Treat coach hold support across health probably population science.","2","2000-06-01 17:58:07"
"257","98","1888","Out book wear back pay do.","1","2012-07-30 21:20:47"
"258","95","1765","Responsibility collection place anyone sense professional modern develop old.","2","1995-07-31 16:43:20"
"259","57","824","Either door control agency break interview.","3","1979-07-31 14:11:58"
"260","84","453","Garden worry about feeling past manager keep land.","4","1970-04-19 14:32:05"
"261","26","1159","Join security young other song fast.","1","2015-05-28 14:14:52"
"262","61","750","Chair we itself appear article can unit newspaper fund economy.","3","1989-06-13 06:43:07"
"263","5","646","Available lay truth reality government among.","1","2009-12-08 06:29:15"
"264","13","224","After another wife worker play likely material talk.","1","1999-03-26 21:01:11"
"265","24","1133","Case education summer close difference him.","1","1992-07-04 18:12:52"
"266","27","1042","Toward expect check west its chair describe church mention affect.","3","1981-08-04 12:51:32"
"267","73","1012","Agree five reveal fill pass.","1","1978-05-07 15:57:25"
"268","75","1214","Similar practice fact education heart president quality.","1","1977-06-08 01:55:43"
"269","32","293","Hundred song focus scene dark might business yet difference act.","4","2008-09-21 12:16:49"
"270","15","1205","Me hot just west perform inside west bar evening.","3","1996-05-30 15:50:49"
"271","71","177","Pay nice budget down series consumer.","3","1998-06-11 23:28:24"
"272","31","324","East not become security young war issue throw boy clear.","2","1997-03-28 18:56:21"
"273","38","671","Hand over sense admit tend.","1","1995-12-22 16:02:48"
"274","29","1864","Administration read could trip.","2","1987-05-22 13:13:43"
"275","78","402","Gun sort worry alone exactly amount simple guess.","3","2018-01-26 09:25:41"
"276","62","1850","Partner build become top firm budget.","5","2011-06-23 12:15:49"
"277","60","1597","Mission people form friend.","1","1993-06-17 10:43:38"
"278","66","1451","Represent official floor different measure.","5","1996-11-03 22:13:01"
"279","45","1959","Everyone consider notice form law already response style.","5","1998-06-07 11:35:59"
"280","33","925","Least list us tend seem practice.","2","1979-01-10 18:31:55"
"281","71","1137","Responsibility avoid just article hot senior.","3","1975-12-09 08:16:17"
"282","93","486","Economy vote probably professional reveal wait certain listen painting dinner.","3","1985-03-29 05:49:39"
"283","64","722","My dog four woman under of meet.","1","2011-07-08 06:58:30"
"284","87","1334","Artist report space treatment result say our night movie.","2","1990-03-17 23:31:15"
"285","65","1887","Want drive road possible also she television these.","3","2011-04-09 23:14:33"
"286","18","333","Board development raise civil brother impact beyond may base money.","4","1981-04-09 03:00:59"
"287","85","503","Phone institution Congress certainly morning board.","5","2004-10-29 17:29:35"
"288","69","497","There return man behind save person prevent door.","2","1981-09-20 23:59:20"
"289","32","720","Yourself despite music item country.","1","2020-07-04 16:16:20"
"290","58","804","Land adult Mrs current identify box number.","2","2000-08-29 03:42:22"
"291","9","1565","Young make think over south time feeling six back.","2","2018-10-16 03:38:29"
"292","3","806","Control ago tonight participant break light cold impact option sport.","1","1972-11-13 07:23:45"
"293","15","1880","Particularly worry result through might.","1","2002-09-24 02:26:24"
"294","7","448","Year scene explain class such law listen.","3","1999-12-23 07:28:10"
"295","77","733","Wait you early green attack able radio specific base.","1","1997-08-04 07:11:22"
"296","2","939","Friend deep window those sense right test senior public work.","1","2022-04-25 11:04:49"
"297","12","621","Say place party trip family sister finish back media safe.","3","1977-10-06 04:20:08"
"298","58","1954","Such course free create road control.","5","1994-08-17 01:44:05"
"299","63","1074","Too south join marriage term growth reduce hear foreign process.","3","1987-04-12 10:55:52"
"300","6","800","Whom skill ok thought front likely oil world price.","2","2017-05-16 05:39:10"
"301","28","1148","Sometimes reduce past result turn stop view tree.","4","2016-01-18 01:14:23"
"302","36","1150","After whole local smile company sense product cultural alone.","3","2004-03-22 23:53:17"
"303","28","349","Suffer focus anything and size organization vote hospital summer teach them.","4","1995-05-04 18:16:43"
"304","98","1130","Guess attack material view hit cell must scientist.","1","1989-05-08 03:33:34"
"305","97","1656","Note both buy audience about chair it order.","1","2004-08-29 18:36:02"
"306","80","1686","Myself drug range line.","3","2006-08-04 06:02:49"
"307","41","1943","Part goal accept security.","1","1979-08-04 21:41:15"
"308","4","1441","That economy suddenly plant.","1","1976-05-06 11:22:03"
"309","78","1226","Drop sister white nation sit beyond him skill very above.","3","1998-12-01 14:31:06"
"310","49","1116","International offer environment region move.","2","2007-08-17 21:29:00"
"311","72","1044","Lawyer word reality method or professional country building nothing.","2","2008-04-21 07:32:16"
"312","27","1903","Week quite measure just force end base lay charge environmental.","2","2003-04-10 16:00:52"
"313","16","1252","Production ready allow community benefit under player just write.","4","1990-08-16 11:10:31"
"314","94","43","Together some participant discuss level blue international probably out beat.","4","2018-08-29 02:05:16"
"315","35","1461","Whatever car later rest scientist.","1","1983-06-10 09:26:03"
"316","56","1403","Thing ground reveal quickly cover entire ball account.","3","1971-11-03 17:57:20"
"317","71","1466","Live red reality ahead we against age family she mind.","2","2006-03-23 02:07:57"
"318","82","133","Second bank maybe up run item early degree.","3","1996-08-20 18:32:05"
"319","48","1757","Care music think address Congress young majority career student boy significant.","5","1991-02-02 03:35:39"
"320","27","567","Significant fear hard tough save guy unit whatever character third.","5","1993-07-26 05:36:04"
"321","36","1108","Similar by off while office feeling back democratic young fight hundred.","3","2004-11-05 19:37:59"
"322","42","737","Street hit magazine inside including soon city of on.","2","2007-12-01 03:18:52"
"323","98","1075","Alone do move you wall hard population officer wear.","4","2004-12-29 04:36:07"
"324","97","15","Much manager outside remain wife.","2","2002-07-02 10:53:11"
"325","61","1094","Book behind tend interesting move body nor nice argue people.","4","1973-03-07 10:06:05"
"326","81","502","Feeling main subject similar station.","2","2006-02-26 10:14:36"
"327","20","1553","This movie offer final political discussion among.","4","1990-08-02 09:50:06"
"328","73","60","Decade tell everything figure realize report.","5","1988-07-01 06:20:22"
"329","82","1559","Feeling activity pass recent recognize score card must employee sea if.","5","1974-02-07 06:26:55"
"330","40","646","Most away six always deep business such.","1","1983-09-18 07:37:03"
"331","68","158","Score same late difference middle land long.","4","2018-08-03 18:06:30"
"332","28","805","Day sea trip try center strategy local.","5","1993-04-24 00:12:46"
"333","6","777","Professional shoulder everybody moment world check floor factor.","5","1993-11-20 05:31:58"
"334","5","891","Order can official company little event effect.","4","2019-07-13 06:18:34"
"335","29","1842","Knowledge among player really police phone itself able will national.","5","2002-06-21 23:00:43"
"336","24","1595","Poor local very way mission style hour miss even.","2","1975-07-14 13:06:53"
"337","31","963","Side bring less put research various issue kid life.","3","2020-09-15 04:05:56"
"338","92","1977","Rise rule friend bag more television box guy program.","2","1996-04-06 20:16:17"
"339","57","921","Tough produce top camera fine so toward color feeling.","5","1981-05-04 16:08:17"
"340","24","1060","Under then boy camera owner or notice also mind southern.","1","1978-07-22 23:31:39"
"341","23","1361","Staff he we soon be author paper trial owner resource.","5","2001-06-13 05:52:22"
"342","26","241","Condition Mr individual market week building.","3","2000-04-22 19:13:45"
"343","59","806","Billion establish population item PM reduce.","2","1998-03-15 04:36:57"
"344","49","1119","Hand office our save professor along former onto.","1","2011-06-10 17:33:42"
"345","80","133","Southern event question major enter both where picture ten.","3","2006-09-09 18:38:24"
"346","27","1961","Get claim pattern center.","1","1993-05-20 07:47:39"
"347","93","1474","Quickly industry which direction six analysis top almost.","5","2003-04-17 03:59:01"
"348","7","466","Measure stock brother career long never man everybody power.","1","1987-09-15 06:48:44"
"349","31","1186","Them sure service marriage great beat late relate laugh might.","3","2009-06-05 18:34:01"
"350","81","111","Both full look respond.","5","2023-07-25 05:09:05"
"351","6","79","Design late by various although reach.","2","1978-06-15 17:27:24"
"352","94","483","Subject begin improve cup thing technology.","4","2016-02-03 05:54:42"
"353","82","1715","Former no force long car grow.","2","1992-03-06 04:05:40"
"354","84","1121","Contain nature way walk middle light picture southern.","4","2005-12-19 11:23:19"
"355","28","1071","Glass baby if represent skill.","1","2005-09-02 06:49:05"
"356","20","347","Create quickly plant last pay set chair occur opportunity.","4","2000-05-03 05:36:25"
"357","84","1926","Near matter cup write.","3","1977-02-14 15:54:02"
"358","46","821","Ask get mother save.","5","2019-07-22 09:26:39"
"359","17","1322","Parent who issue those.","1","2003-09-30 18:17:17"
"360","0","1086","What heavy window great trial federal.","1","1979-07-13 21:24:01"
"361","60","1228","Thing some dream near the stay computer.","4","2017-06-20 15:24:15"
"362","63","816","Hospital receive argue see among close whom.","4","1982-07-19 05:36:54"
"363","39","914","Half law of education those others left lay push center.","5","2016-08-07 05:08:56"
"364","86","120","Few act long growth fine it world piece.","1","2012-04-24 17:44:05"
"365","42","1162","Hard deep reality could life thus difficult.","4","1976-09-23 20:00:00"
"366","77","443","Appear mind father and establish story wife last certainly statement.","2","1983-11-11 12:31:32"
"367","95","466","Great house mission here catch factor Mr law specific unit campaign.","3","1974-04-18 03:24:43"
"368","47","158","And line dog look ago.","1","1986-08-04 19:53:08"
"369","70","1869","Pretty against ago watch key.","3","1973-02-16 08:11:05"
"370","38","915","Out writer simply night seven town follow win.","2","2008-09-10 15:08:29"
"371","51","565","Decision born have once left network by all figure ever model.","5","2021-11-08 08:15:09"
"372","28","514","Computer thing air travel home.","4","2001-06-28 09:37:49"
"373","16","52","Blood enjoy could spring politics try key.","5","2010-08-31 07:25:00"
"374","10","1475","Person type blue personal right.","5","2022-12-19 15:22:50"
"375","49","1383","Scientist message many draw mention eye lot.","2","2021-07-13 12:56:16"
"376","23","301","Indicate foot weight any well class window.","4","1976-06-22 01:24:52"
"377","79","1324","Field such science address position this face.","2","1976-03-22 07:17:23"
"378","74","39","Such market store discussion that.","5","1975-10-31 03:19:48"
"379","97","1467","Admit blue commercial food become car.","1","1976-07-20 14:46:45"
"380","58","1005","System decide remain room yeah research process issue.","5","1993-02-26 10:08:51"
"381","95","1272","Today effort shake trip get.","1","2021-08-23 21:47:12"
"382","55","690","Travel since choice statement catch goal travel today study practice.","3","1974-12-08 13:47:10"
"383","16","1306","Attention matter raise design car coach.","4","2001-06-25 18:45:42"
"384","69","427","Must seek environment reveal level than skill sport.","1","1999-12-23 17:33:41"
"385","88","52","Pull perhaps fall Mrs build whose late role wrong affect.","4","2016-02-22 05:53:39"
"386","1","133","Simply fear campaign heart company opportunity free unit join.","2","1976-08-23 11:10:47"
"387","38","1125","Prevent week already cover officer discover.","5","1970-05-13 05:11:30"
"388","3","1843","Reflect Congress economy start do watch ask.","3","2014-09-03 12:38:28"
"389","74","1588","Father religious democratic seven where then finish protect watch conference.","3","1980-07-22 01:39:33"
"390","50","232","Stock here husband impact two continue camera.","3","1975-04-13 13:16:02"
"391","16","372","Long paper game western blood pressure where.","5","1988-09-17 07:28:21"
"392","92","984","Perform stop stock political do travel possible majority.","5","1985-10-20 18:38:36"
"393","45","1186","Culture he official assume right become method hour.","2","1999-02-13 06:19:15"
"394","50","1394","Court try admit gun really hope force offer.","5","1998-10-13 17:38:47"
"395","67","961","Land degree drop explain care other.","3","1990-01-12 10:23:52"
"396","10","1020","Might debate structure recognize late quality expect often.","4","1999-12-07 13:21:59"
"397","53","521","Anything me continue kind economic.","1","1983-10-12 20:55:07"
"398","59","252","Bag site current structure often of reflect throughout explain.","1","1982-11-28 11:49:04"
"399","67","1639","Bed yourself loss its population very way may.","4","1978-08-18 20:00:46"
"400","0","38","Huge defense policy serve tough kitchen follow medical.","4","2008-06-21 18:28:34"
"401","69","1110","Individual long most one once most despite grow threat any year.","1","1970-08-13 09:24:16"
"402","7","1137","Live relate indicate box approach former through.","4","1986-02-14 14:44:31"
"403","75","1226","Action sure avoid idea network.","4","2013-07-15 14:56:29"
"404","70","267","Way break he consumer themselves force effect election.","4","1990-11-27 05:22:02"
"405","86","218","Miss yes nature what appear.","3","1980-12-11 06:41:32"
"406","35","1097","Need concern discover wait matter health probably piece.","1","2001-10-08 05:19:46"
"407","90","1638","Try a democratic worry truth because.","5","1971-02-25 09:42:22"
"408","90","880","Trial subject occur hope thing help toward.","5","2019-07-13 10:12:35"
"409","10","1441","Admit popular character series measure never model boy.","5","2003-05-16 00:06:57"
"410","71","448","Benefit baby environmental lose throw national.","1","2014-09-12 07:02:55"
"411","70","1078","Interest marriage address laugh continue section sign animal.","2","2009-02-13 06:29:32"
"412","1","138","Friend investment stage still rule employee east federal answer for.","5","1975-10-29 13:27:49"
"413","20","808","Civil live raise moment matter board thing happy mention.","4","1995-06-26 04:19:50"
"414","24","345","Agree today ground research drug among lead wear throughout.","4","2002-03-28 07:37:28"
"415","82","866","Discussion feel offer play up.","4","2017-07-23 18:30:02"
"416","62","789","Green strong let despite source.","2","1992-10-30 20:01:06"
"417","20","635","Return order share far region ten food star.","4","2010-07-13 07:14:23"
"418","30","1670","Air water pretty week into media agency affect.","2","2023-05-30 16:46:38"
"419","53","1447","Color table like director leg.","5","1990-07-28 12:39:01"
"420","90","899","Ago choice form through tax.","3","1974-07-04 02:06:37"
"421","40","376","Do conference heart stay cell game boy step blue quality.","3","1985-12-27 01:03:26"
"422","48","1683","Partner network address leave wish third beautiful decide right.","2","1978-10-10 16:11:24"
"423","33","1908","Her focus wrong low hot western writer.","4","2005-07-07 13:57:55"
"424","75","376","There add democratic source ready spend rise between enjoy garden.","5","1999-08-23 21:29:22"
"425","77","1136","Explain ball think effort assume wife clearly become add remember.","2","2015-01-23 19:14:59"
"426","79","1384","Coach cause sport moment unit continue enjoy page write.","4","1995-01-08 03:02:34"
"427","79","650","Put such pay special less major draw.","3","1978-03-17 21:11:50"
"428","99","404","Population also office her chance room popular.","2","2016-03-15 07:51:40"
"429","43","1066","Marriage seat officer fall rate.","2","2005-03-09 11:46:32"
"430","67","172","Place none pass would figure enjoy stay community write.","4","2012-05-24 06:40:22"
"431","4","771","Just record list day employee call.","2","1974-01-17 13:07:20"
"432","29","820","Or share market concern same heavy describe.","4","2006-03-30 15:15:35"
"433","79","1389","Huge mind performance modern care.","2","2011-11-17 03:07:45"
"434","41","675","Argue every yourself money raise.","2","2008-08-24 05:10:05"
"435","68","1969","Think entire television for word worry.","5","2021-06-05 10:56:03"
"436","37","1292","Protect mean resource establish other because.","3","2015-10-02 07:58:40"
"437","36","45","Shoulder teach policy class form.","4","2008-06-09 23:24:49"
"438","53","414","Writer them will treat plant seven despite yes.","5","2006-12-26 21:41:23"
"439","60","540","Step cost education bring south enough.","3","1995-03-24 02:33:11"
"440","45","729","Most time heavy tough picture.","3","1978-03-06 22:36:08"
"441","75","703","Claim note break decide water talk money create.","1","2021-09-24 15:17:27"
"442","53","1419","Billion seven establish same central order course from young themselves.","5","1978-05-16 17:29:21"
"443","35","1961","Ago but film great summer.","3","2017-06-08 20:41:09"
"444","77","202","Along three use church Congress fish move deal.","1","1974-02-05 15:15:37"
"445","75","1504","Training once over cell treatment do agency friend deep opportunity international.","3","1981-12-23 04:43:15"
"446","85","391","List consider fall kid main.","4","1983-03-10 04:37:18"
"447","40","1256","Cup upon among will owner hour.","4","2022-02-26 13:05:32"
"448","33","182","Top evening always fund charge market leader garden box general.","4","1996-03-07 18:27:51"
"449","9","604","Own I material do choose reflect discuss them name source.","2","2002-12-23 07:36:06"
"450","40","1442","Final back region black over.","4","2013-12-24 21:37:31"
"451","22","1431","Too size evening eight him room city Democrat yourself.","2","1972-02-14 09:44:51"
"452","47","269","Year piece security finally resource.","3","2009-09-02 14:20:00"
"453","61","386","Challenge what force moment yet home.","1","1976-09-16 03:28:47"
"454","30","1324","Then animal focus enjoy study energy someone relationship.","4","1977-09-22 14:31:02"
"455","86","252","Image reflect citizen tell back.","5","1982-01-18 09:35:43"
"456","47","245","Claim including style science art else memory fire lot film.","2","1985-01-26 13:59:00"
"457","88","7","Station as explain suggest major itself ok us.","2","1991-07-24 04:50:00"
"458","70","1432","Tv black image open part happen share national old indeed.","5","1983-09-21 20:25:59"
"459","73","690","Yard what wear treatment rich water check standard enough country.","3","2005-01-16 15:20:19"
"460","38","1513","Peace forget evening image movie capital team we particularly.","3","1992-06-26 16:54:21"
"461","25","1368","Occur question stuff point upon particular law call court firm politics.","4","1991-05-16 05:25:27"
"462","72","746","Ground sport TV become different size political tonight theory.","5","1989-11-11 20:31:55"
"463","44","487","Determine PM push know factor too sing.","1","2007-06-28 14:54:40"
"464","67","1581","Baby color project who she to character but others expert.","3","1979-05-08 13:08:05"
"465","21","1077","Third here trouble dog want.","2","1991-12-25 09:41:12"
"466","39","572","International concern coach left rate.","5","1995-10-15 23:07:00"
"467","63","11","Talk everyone pretty agree second.","5","2002-06-29 11:06:27"
"468","38","1108","Own thank wait drop music indicate local room too.","3","1993-06-14 08:53:08"
"469","76","1477","System hold summer far expert family contain enough rather.","1","2020-12-14 01:39:27"
"470","90","685","Bank around meet enough popular pressure attack some if.","1","2006-07-21 23:33:06"
"471","71","1679","Anything race manager realize.","5","1996-06-11 09:59:11"
"472","43","915","Or plan floor safe movement truth.","4","2007-10-29 16:19:45"
"473","23","466","Million possible if financial population special.","1","1981-01-29 13:37:43"
"474","8","1240","Serve machine green worker.","4","1998-02-28 14:45:56"
"475","4","1824","View oil head institution laugh.","5","2012-04-08 15:41:44"
"476","15","1678","Capital young above good lay avoid in no director.","3","2015-05-23 18:18:46"
"477","37","1687","How Congress base data action visit laugh benefit.","5","2014-07-21 22:09:13"
"478","89","648","Evidence green above country example.","2","1984-01-30 03:33:04"
"479","64","707","Week cost activity admit need statement two so.","1","1974-06-24 22:48:44"
"480","38","373","Many try state center oil.","5","1994-07-06 09:40:25"
"481","27","298","Seat perhaps discover peace medical half tough.","4","2005-01-10 10:15:29"
"482","74","814","Daughter threat hotel stuff where.","5","2012-09-30 02:01:30"
"483","98","738","Commercial ready ever field voice ready.","3","1978-06-24 01:26:20"
"484","40","872","College name sometimes identify never between appear Democrat site police.","3","1998-02-07 00:55:26"
"485","89","777","Third hair determine miss local rule region single.","2","1985-07-08 19:41:04"
"486","99","688","Cell movie family recent agreement necessary determine level avoid.","5","1988-01-02 15:37:22"
"487","55","1445","Attack weight law speech eye note.","2","2011-07-18 04:25:57"
"488","18","1446","Past win eat nature agree.","2","2023-06-22 00:28:36"
"489","50","1669","Her face sense recent model artist glass.","5","2014-09-24 12:46:45"
"490","22","712","Would loss campaign for fine.","4","2019-10-09 11:55:08"
"491","53","1714","Matter nor down move again report national property ability.","3","1983-03-21 00:23:04"
"492","60","1657","Heavy outside order enjoy other a pressure direction able.","2","2003-10-24 20:24:09"
"493","51","1856","Growth tax president leader far executive size over imagine test.","1","1989-07-26 11:55:53"
"494","33","137","Speak yourself cultural gun soldier need former employee low spring.","1","1980-01-22 17:24:31"
"495","41","771","Represent town feel matter per single girl water right who.","2","1986-10-05 02:02:35"
"496","95","1015","Laugh system difference something age conference argue small.","1","2010-11-15 23:55:36"
"497","84","709","Light girl partner team conference.","5","2018-05-30 08:13:16"
"498","57","1875","Better full authority usually baby short.","1","1982-11-08 17:06:02"
"499","94","1875","More quite simple begin his major site agent central rock.","3","2013-03-24 09:38:50"
"500","22","1430","Public direction environmental appear thought back decision statement.","5","1971-10-19 15:37:27"
"501","72","386","Level chair use medical research kind.","4","1976-06-19 08:08:35"
"502","41","719","Month morning catch coach.","1","2009-12-25 15:21:19"
"503","17","1841","Analysis do money student dark likely professor consider face visit.","2","1974-08-22 16:33:03"
"504","61","10","Her south fact which seat up.","3","1993-06-07 13:56:42"
"505","26","827","News key program grow few whatever not mind may.","3","1980-08-14 09:42:04"
"506","46","1441","Could sport age strong interesting door space young exactly thank Mrs.","3","2012-08-02 07:09:09"
"507","88","1692","Seek environment eye marriage bed.","1","2015-12-20 18:39:57"
"508","13","722","Issue official listen peace carry.","3","1994-01-10 18:20:08"
"509","39","1947","Until organization baby job.","2","2002-06-30 16:21:34"
"510","3","401","Once college fill drop discussion eat born keep send.","4","1993-01-01 10:15:09"
"511","4","1491","Somebody left feel owner kid change.","5","1974-01-14 20:47:06"
"512","93","1900","Paper soon chance night others seat thus themselves site.","1","2017-10-25 01:25:45"
"513","43","713","Central degree hotel tonight TV federal chance laugh section.","4","2003-11-26 02:04:50"
"514","21","1461","Skin maintain notice our throughout international image claim look our green.","3","2009-12-05 22:23:15"
"515","80","135","Over when because job until significant.","4","1985-05-22 15:57:30"
"516","89","807","Full significant kind middle unit son game concern way.","2","2006-12-24 21:12:16"
"517","28","224","Kid Democrat truth return picture own adult effort physical me.","4","1979-02-28 03:15:24"
"518","79","349","News economy result boy ground example story.","5","1976-08-12 05:04:45"
"519","20","1510","Central I key question list about real surface before thought.","1","2023-09-07 22:31:28"
"520","21","1195","Responsibility fund late kind board make price newspaper collection realize.","5","1987-09-11 19:42:39"
"521","18","227","Share speak majority instead kitchen class protect director.","2","1997-09-21 18:46:14"
"522","91","1497","Fill year reach have.","5","1980-07-05 19:39:24"
"523","2","294","Then hot possible already current away consider box movement.","2","2023-02-27 05:20:01"
"524","89","967","Law feel at kid exist present half.","4","1987-03-23 15:28:17"
"525","3","432","Significant goal rate produce local.","2","2021-01-03 22:50:22"
"526","39","1085","Share next member coach field keep across operation recognize arm.","1","1975-11-27 01:15:19"
"527","48","1904","Myself performance value keep air economy.","4","2003-11-18 20:47:29"
"528","67","1110","Design thousand account speech civil.","5","1986-05-22 19:49:42"
"529","60","1448","Heart first college line when indeed detail discussion open.","3","1976-09-30 10:34:43"
"530","74","821","Ground old list economy different.","4","1999-04-15 17:22:43"
"531","95","995","Laugh prepare off in shoulder course.","4","2015-10-25 11:46:51"
"532","43","1141","Culture ability something race environment measure.","3","1987-03-26 20:10:31"
"533","85","236","Course those however hundred same grow.","2","1985-01-03 09:01:00"
"534","11","1504","Particular central friend guess water hard left.","1","2019-11-04 01:11:09"
"535","81","1926","Join know enjoy center available star visit from do.","1","1999-11-07 03:46:16"
"536","20","947","Bit once too management.","4","2021-07-15 08:05:57"
"537","17","109","She thus pretty always like figure.","4","2007-01-28 07:30:37"
"538","80","1741","Break under memory economic everything type structure space.","3","1989-03-29 10:24:41"
"539","48","1988","Allow answer remember individual boy kind teach paper sometimes.","3","1998-03-28 03:33:45"
"540","53","975","Prevent relationship at bad often production detail near employee value.","1","1974-06-30 04:20:42"
"541","49","621","Thank land kid long mouth blue film among name mother.","1","2022-05-10 02:47:39"
"542","97","1508","Become on against bank key movement.","5","2023-01-17 16:42:12"
"543","82","1376","Reason option himself author any watch skill.","3","2008-01-06 16:34:05"
"544","68","169","Finish music deep occur American question member sister family.","4","2022-06-28 18:07:00"
"545","78","1386","Should story able scientist physical bag pick toward face.","3","2001-03-18 22:39:37"
"546","98","1326","New easy campaign throw run various step ok reality music.","1","2000-11-29 21:36:00"
"547","21","360","Life seven performance police personal couple shoulder.","2","1978-11-27 19:44:28"
"548","12","265","Public operation past process parent radio glass see.","1","1996-10-15 14:03:42"
"549","25","505","Military agency art half particularly power impact agree.","5","1971-01-11 20:00:43"
"550","10","472","Wear drop force class through side politics have pressure.","1","1993-11-11 16:31:52"
"551","56","791","Itself task help best left.","4","2021-07-28 15:38:15"
"552","18","716","Since phone least behavior everyone.","3","1988-04-24 00:05:45"
"553","80","898","Anyone street avoid the someone.","4","2011-05-09 01:02:27"
"554","21","172","Whether organization or magazine base he far.","4","2002-08-16 09:35:01"
"555","44","930","Language focus right movement argue cultural.","4","1970-12-11 10:19:11"
"556","79","1162","Brother decade bit hotel tend whose want.","5","2018-06-28 05:40:52"
"557","70","135","Group back career language teach lawyer people character yes office final.","2","1974-07-18 19:11:46"
"558","64","1977","Reflect some painting amount value production.","3","2020-11-09 00:28:45"
"559","27","1500","Apply picture artist become than.","3","1982-03-09 12:01:54"
"560","24","482","Sit language ahead out threat interview financial share either else.","1","1981-09-11 17:30:41"
"561","13","978","Whose approach air loss collection begin nearly.","1","2017-05-25 03:05:30"
"562","46","1926","Responsibility social that growth occur.","5","1980-05-29 17:06:58"
"563","79","166","Any full reveal investment how.","4","1992-03-06 02:35:24"
"564","95","1898","Force attorney dinner call few.","2","1976-02-02 13:58:12"
"565","27","540","Everybody everyone woman according walk state vote.","3","1974-05-25 22:19:12"
"566","53","1439","Ability company manage head who night.","3","2008-01-07 18:32:01"
"567","27","870","True bed push method effect son senior.","5","1978-02-13 20:16:00"
"568","85","332","How certainly debate current past cell white race.","2","1992-08-28 08:27:29"
"569","71","283","Agency career force same any myself.","3","1989-06-22 10:39:26"
"570","79","1687","Him weight clearly investment hand quite.","4","2005-12-12 01:02:20"
"571","45","1859","Fine theory leader report team item ago able total once.","2","2019-03-18 18:24:35"
"572","85","1883","Bag eye reason tell pressure reason.","5","2014-12-01 02:04:41"
"573","46","950","Wall gun series receive director alone tend serve.","2","2015-08-20 16:00:37"
"574","97","267","Play important animal network common beyond federal serious.","5","2019-08-26 22:15:26"
"575","81","45","Personal action treatment test foot kind four baby.","2","2016-11-23 17:57:48"
"576","71","1133","Will resource particularly move last building area.","2","1980-03-04 00:19:29"
"577","85","152","Consider series music make husband worker low simply.","5","2014-11-29 14:55:21"
"578","12","1590","Chance information address management road station letter.","5","2003-08-24 06:51:26"
"579","80","523","Decide event scene hot way several law course.","2","2017-01-26 17:07:19"
"580","45","965","Program way trouble head remain major so.","5","1977-04-15 07:40:51"
"581","14","803","Some apply lose image ball magazine.","4","2015-12-30 02:56:52"
"582","92","1415","Physical success likely different sing season seek PM which mind.","1","1988-03-01 23:19:47"
"583","52","746","In investment citizen blood threat.","2","2016-10-09 02:24:22"
"584","48","815","Sound wind official year rock half have away since.","5","2022-09-15 18:31:33"
"585","90","340","During future station design.","4","1975-08-04 18:50:17"
"586","50","1856","Little ask sense food space.","2","2023-06-21 13:57:46"
"587","55","1066","Whatever however thing expert candidate score.","3","2011-03-05 07:08:30"
"588","90","1784","Current fact company also black keep require fly prove believe decision.","1","1997-08-05 23:59:21"
"589","2","1079","Look during response significant step west water way.","3","2021-06-16 05:01:55"
"590","18","158","Process agent fly serious trouble prevent quite attack concern.","3","1979-11-30 14:47:01"
"591","3","1461","Visit interesting meet usually hundred partner.","4","1991-10-21 22:53:56"
"592","6","648","Candidate surface line others will evening president analysis back.","2","2012-10-14 09:36:36"
"593","21","928","Ask team shoulder note term fear road democratic wish hand.","3","2014-04-29 10:25:02"
"594","71","245","Stay middle buy within artist pay reason.","4","1995-04-18 12:03:52"
"595","24","1986","Middle prevent reach together current everything cost.","4","1999-12-29 08:00:19"
"596","42","294","Congress second job wrong floor food building subject two.","2","1972-08-11 23:22:08"
"597","43","738","Year thousand with rather at hotel several.","2","1972-01-30 02:38:04"
"598","21","46","Away national near head its life.","5","1981-06-12 13:17:27"
"599","93","1956","Without become sister raise long.","3","1971-02-11 16:43:34"
"600","18","1513","Fight magazine air force method product knowledge expect.","1","2014-10-10 22:44:49"
"601","76","1500","Page Mrs situation car four per property require two community.","1","1994-04-15 17:24:27"
"602","56","25","Everyone long probably stop young dark expert society.","3","1973-12-29 19:31:25"
"603","14","406","Approach career camera safe show us region write.","1","1971-02-09 15:54:31"
"604","41","1015","Foreign beautiful coach picture me hard throughout.","4","2008-08-31 08:47:44"
"605","85","1469","Lead him exactly against seven blue economy.","4","2009-09-17 07:44:32"
"606","12","71","Where any people tell choice likely.","3","2003-02-26 14:19:59"
"607","17","1408","Long month billion get site at remember these do discuss.","5","1990-02-13 22:43:20"
"608","24","1898","Position stand much sport project dinner material artist fear carry.","3","2007-09-17 20:51:45"
"609","61","483","Blue always glass focus hope machine find standard.","1","2016-03-10 14:07:07"
"610","43","23","So cultural room choice four.","1","1988-05-08 10:34:06"
"611","93","1510","Leader hope whole who upon trial.","5","2002-09-15 14:27:30"
"612","3","1683","Lose theory whether fill evening.","4","1970-08-03 23:41:07"
"613","2","599","Tv west court city audience.","2","2002-07-03 20:19:23"
"614","9","1218","Deal report across reason number then.","5","2002-09-17 22:34:00"
"615","16","1049","Will once measure where experience wait.","3","1979-07-11 15:26:06"
"616","98","951","Southern even glass learn end product sell reduce.","1","1983-03-02 11:17:02"
"617","20","1470","Cold couple city relationship drive send son level seem.","5","2002-07-24 18:05:23"
"618","60","1591","Prevent bag set director school.","2","2021-06-08 18:31:16"
"619","93","225","Sort country compare live point quickly poor both.","3","1988-07-25 08:23:21"
"620","24","1692","Play whole old region president magazine number consumer.","2","1989-09-16 00:07:39"
"621","41","360","Between compare policy machine population floor.","1","2006-10-24 19:06:42"
"622","55","484","Hot trip dream usually people opportunity.","4","2010-10-21 16:20:05"
"623","31","1969","He our society same put and section.","5","2008-10-29 15:39:16"
"624","44","1075","Computer way rich theory south article make successful recently health.","2","1975-08-15 12:33:54"
"625","70","1318","May help morning team late expect day born.","3","1971-02-17 11:41:09"
"626","38","227","Sound health do card current physical others seem show upon.","3","2005-05-15 23:09:30"
"627","66","1500","Operation west sure business home.","5","2007-10-05 08:18:21"
"628","82","1346","Score sure bring raise term.","1","1984-09-01 20:03:03"
"629","7","1507","Serve best measure thing character list a country support.","4","2007-11-22 19:29:21"
"630","8","733","Hospital event outside example stock expect bill.","3","1992-01-23 05:37:34"
"631","92","1707","Adult explain better process front lot sometimes.","5","2009-12-29 08:17:24"
"632","21","1355","Dog card political institution information guess so.","4","2016-09-01 03:33:13"
"633","64","405","Pressure attack generation all indeed against audience necessary campaign indicate.","5","2001-01-31 01:16:59"
"634","95","360","Them prevent reflect important here radio task.","1","1987-10-06 06:24:09"
"635","67","1614","Fly husband agree style company laugh truth power impact military.","1","2009-12-08 22:44:34"
"636","61","200","Yard wrong mention such over already condition country its of.","1","1993-10-11 01:45:39"
"637","65","947","Just kitchen stage scene create method cultural quickly such find.","5","1973-03-05 11:37:03"
"638","61","566","Before somebody produce fund as compare someone seek lead.","4","2020-12-20 06:42:09"
"639","68","1148","Black huge leave reach suggest development action raise.","2","2005-06-13 18:07:44"
"640","2","66","Heart know allow product exactly store Congress open wish of.","4","2010-08-20 04:30:48"
"641","13","39","Sure citizen reach though.","4","2005-05-03 05:33:40"
"642","53","487","Cover everybody east next write financial.","2","2019-09-10 15:40:22"
"643","75","547","Involve stop research week seek international interest human win.","1","1997-06-26 02:47:57"
"644","90","262","Recently each walk world three might wish inside.","2","2011-09-30 01:44:32"
"645","35","876","Dog perhaps third point fill guess image customer remain administration.","3","2006-05-05 18:03:24"
"646","33","1377","Agreement toward morning thus any lose reveal under she.","2","1999-03-25 16:43:58"
"647","27","224","Inside arm remember number wall pressure accept chance really.","3","1976-10-03 13:52:38"
"648","63","576","Man similar professor soldier region.","3","1976-08-23 17:31:50"
"649","0","565","Material front live medical pull although store party student firm.","4","1991-02-15 03:48:58"
"650","82","573","Relationship brother special soldier work most.","3","1987-07-27 21:15:11"
"651","9","255","Yard onto American last hope concern actually response before word once.","5","1988-02-12 22:12:54"
"652","67","1502","Method party international south cover customer entire.","4","1978-03-18 10:17:56"
"653","29","1926","Mind own public state modern national attorney baby prepare.","4","2018-05-30 21:47:45"
"654","59","601","Store home story serve believe development great break.","5","1981-04-20 15:43:53"
"655","14","1133","Blood along free evening themselves big.","3","1986-12-29 13:06:27"
"656","6","654","Purpose difference color ball leave.","4","2010-06-23 05:07:26"
"657","41","1156","Them two different shoulder culture way laugh style anyone.","1","1980-03-13 21:04:20"
"658","28","617","Tough agreement do professional manager threat tough.","4","2019-12-18 18:37:20"
"659","74","890","Spend subject vote occur able record now.","1","1981-04-18 09:20:41"
"660","91","1707","Conference exist how factor oil rest perform spend.","4","1983-03-08 12:56:35"
"661","96","265","Dream them never respond.","1","2017-07-15 15:38:05"
"662","99","425","Trouble relationship view very officer hard.","4","1983-04-29 02:32:18"
"663","37","1261","Note right food information seat at us popular.","1","2014-11-02 12:10:12"
"664","37","770","Amount economic face level.","5","2003-01-01 22:39:38"
"665","84","1651","Effect down everything agent his break available help.","5","2003-12-09 14:38:00"
"666","42","1565","Issue management understand actually something young piece include drop true prepare.","1","1974-04-14 02:46:20"
"667","92","703","Food shake marriage still can commercial major country challenge discussion.","1","1995-02-03 08:03:20"
"668","89","1869","Detail remember whose call model young.","2","1992-11-26 06:56:36"
"669","83","120","Fund yard fight food we cause.","2","1973-12-22 20:10:33"
"670","4","427","Pressure week political executive speak arrive ready yard.","2","1979-06-10 09:30:59"
"671","87","1597","Believe win quickly easy shake suffer role institution interest fly.","5","1980-03-04 15:16:18"
"672","15","197","Pattern lose film my so avoid.","5","2016-08-16 04:46:21"
"673","11","845","Expect set wall together go land.","3","1994-05-29 03:37:09"
"674","93","1074","Force fish whose here community pass even.","2","2013-04-28 06:40:33"
"675","11","746","Push bad drug four should.","3","2006-12-20 04:21:55"
"676","91","1116","Choice the bed information old likely consumer.","3","2001-12-05 23:41:54"
"677","91","159","Blood modern coach truth center west office power shake.","2","1987-12-26 05:43:08"
"678","33","824","Seem past material article year mention deal check right each.","1","2015-11-03 10:57:21"
"679","94","761","Serious major your station better great worker decade.","3","2006-06-27 12:44:19"
"680","18","1441","For voice officer throw not issue process huge.","3","2010-01-23 06:32:08"
"681","7","368","Describe late serve upon foot kind move service draw.","1","2013-05-22 13:35:36"
"682","11","771","Almost month within far street walk guess stage these.","1","1987-07-16 01:23:17"
"683","20","1445","Finally project smile above drive teacher thus.","5","1979-09-23 14:55:07"
"684","70","1520","Alone several score loss also enjoy have during.","1","1972-07-11 00:33:53"
"685","75","420","Include base sport next apply.","3","1995-08-22 03:22:50"
"686","22","99","Or face artist ask mention party surface building.","5","1994-03-08 01:13:24"
"687","42","762","Manage drive first room push plant little act.","1","1978-10-05 02:55:24"
"688","78","716","Whole city across partner peace total.","2","1998-06-18 13:44:04"
"689","37","1599","Tend still win treat probably front allow watch possible.","5","2015-02-15 14:31:56"
"690","62","776","Window begin benefit second whether left social.","2","1992-02-21 11:22:06"
"691","71","671","Its ask themselves very with.","2","2019-10-09 17:58:31"
"692","67","1520","Entire work yes mind development in almost better his soon.","1","1976-09-22 10:58:17"
"693","30","69","Yet choice take sign throughout no.","3","1973-11-29 01:48:13"
"694","11","690","Yeah relationship must save common view conference particularly sort watch.","2","1999-04-18 20:38:55"
"695","38","994","Drive expect authority seem other continue political.","3","1985-07-28 19:31:40"
"696","64","1587","Property article ahead land various.","3","2006-10-27 06:28:43"
"697","69","359","Available word build pressure because place themselves.","4","2011-08-17 02:52:49"
"698","13","473","Message family practice because opportunity nation thing floor.","4","1973-03-10 06:36:14"
"699","67","89","Serve current see stuff coach pay success model activity.","4","2011-06-16 17:29:44"
"700","83","1575","American point movement ready.","3","1974-09-17 16:06:48"
"701","72","88","Your author treat mouth street white meeting major want protect kid.","2","1987-10-22 05:22:13"
"702","21","581","Clearly who later number thank plant.","1","2013-11-16 00:10:30"
"703","84","1418","Loss year development subject agent author seven exist top.","3","1977-05-08 03:54:06"
"704","79","1800","Room main traditional body office close price would baby lay impact.","1","2019-07-11 04:58:00"
"705","68","1376","Those during head so degree clear clearly near risk find.","2","2001-10-30 09:21:48"
"706","30","995","Help current across seven film radio administration method if outside.","1","2011-04-28 15:10:09"
"707","70","166","Fight beautiful cost head less grow current.","1","1981-12-30 13:49:29"
"708","68","665","Can his order stay have thing case.","1","1976-05-29 01:14:13"
"709","3","821","Moment road generation trade consider add.","1","1978-05-28 22:19:58"
"710","47","382","Father visit fill final item prove however provide political.","3","2011-06-12 13:44:37"
"711","83","210","Reduce realize either through very training Democrat.","1","1981-08-13 10:53:01"
"712","9","965","Live alone hotel else us.","3","1974-10-16 18:44:58"
"713","91","205","Improve mind each side same week position federal soon.","2","2019-05-05 03:19:06"
"714","17","785","Street if we term important something fear goal stuff responsibility property.","5","1989-11-14 11:18:40"
"715","79","807","Old to thousand standard suggest high ahead paper instead.","4","2010-12-13 09:07:31"
"716","28","1183","Happen mother hair young house sister.","1","1992-06-29 14:03:52"
"717","85","1971","Discuss off customer trouble.","4","1994-05-17 12:45:17"
"718","19","684","Really whatever develop across affect possible.","1","1988-06-08 00:29:39"
"719","52","960","Ever lay per in thus sell information political local candidate.","4","2015-04-12 13:49:24"
"720","65","498","Others carry stop represent either a.","1","1970-02-18 07:44:39"
"721","97","64","Enough we bank speech meet treatment.","2","2011-09-20 19:14:40"
"722","59","1895","Support meeting various study story enter performance song book.","3","2005-01-30 19:48:35"
"723","88","1375","Behavior risk party series will hard statement against.","2","1982-12-11 12:34:43"
"724","44","1959","Short number number of agency off.","2","2007-06-09 10:11:09"
"725","33","189","Start model body serve yard international would others civil wait.","3","2001-07-06 21:14:52"
"726","93","806","Guy to garden fly matter finally behavior hear option.","2","1996-04-25 01:40:57"
"727","56","1584","Society item our commercial Mrs rather staff fight dark.","5","1993-01-14 17:41:57"
"728","16","1980","Less nation blood country success among including push community write old.","1","1970-03-13 03:57:50"
"729","87","736","Stop hope some nice until perform later.","1","1993-07-15 08:49:24"
"730","55","604","From easy major help very hit decade much Congress foot.","4","1989-01-24 07:01:32"
"731","8","325","Republican even audience keep life watch dream with knowledge.","4","1982-02-17 08:27:36"
"732","48","1386","Result middle already hope cup.","4","2016-01-02 02:58:17"
"733","72","1579","Mention technology as expert current so respond live run.","2","1983-02-05 15:06:45"
"734","39","322","Same open force bed wrong or.","3","2018-12-14 17:03:53"
"735","4","979","Local coach attack instead head way.","4","2008-01-25 22:38:45"
"736","22","335","Become environmental thus brother suffer car.","5","2006-07-04 05:51:35"
"737","61","1113","Throw first same kid make five others but onto.","3","2013-11-08 19:21:42"
"738","17","622","Student and letter little western sound nation reveal begin together.","4","1977-09-05 20:46:01"
"739","89","852","Add true music film way reflect to.","4","2015-10-03 04:15:01"
"740","29","25","Somebody similar southern agree born perhaps personal store wind.","5","2014-05-30 22:54:21"
"741","58","1724","Room central college above go.","3","2006-03-20 21:51:18"
"742","78","1953","Scientist writer success cost whose enter family.","1","1974-06-01 19:27:21"
"743","82","1680","Government property tree carry very student serious class.","1","2013-06-29 12:08:17"
"744","38","29","Tonight bad save suddenly full anyone fish treatment this.","5","2017-05-25 07:24:28"
"745","85","1062","Indeed allow what kid.","3","2009-09-16 03:24:36"
"746","2","482","Business although stuff want move.","3","1994-05-15 16:47:27"
"747","42","880","Deep man sit conference fall down thank tell sense trial.","1","1996-03-26 19:44:16"
"748","17","634","Write opportunity south up marriage job sound choose.","4","2011-11-11 07:15:50"
"749","14","974","Left dark right school free.","5","2019-10-13 07:40:29"
"750","41","850","Like thus cost born international meeting.","4","1985-06-17 21:11:09"
"751","29","1451","Along focus ready pretty task those.","3","1972-10-14 09:53:35"
"752","72","1408","Safe pattern tax something evidence individual matter figure note southern.","4","1992-01-16 14:06:20"
"753","58","720","Hold everything we my beautiful treat wish.","2","1973-11-04 05:42:14"
"754","65","562","Hair phone property visit player professional mouth.","3","1985-08-12 06:15:21"
"755","76","1061","Study maintain half series mind same parent.","4","1983-07-24 11:21:13"
"756","99","525","Risk piece couple occur resource she religious imagine drug view.","4","2016-06-12 15:27:10"
"757","27","950","Some somebody day day off smile determine treat.","2","2000-04-18 10:55:06"
"758","11","1205","Great if state yet prevent special people.","1","1997-12-02 16:05:45"
"759","10","1361","Leader church fly possible value low stock.","3","2022-08-14 03:53:22"
"760","12","1108","Through above summer information safe threat above ability listen lay executive.","4","1975-02-13 13:35:10"
"761","95","459","Art drive response central drop however great term week various.","1","2001-09-20 03:26:50"
"762","96","1687","Early eight site fish forward risk far.","3","1973-01-22 02:40:14"
"763","76","1634","Benefit difficult thus explain easy PM the.","5","2019-07-14 12:26:18"
"764","52","1292","Happy opportunity behind present measure right.","3","1992-07-29 03:44:50"
"765","58","296","Policy food race mother she listen newspaper.","4","1999-09-01 07:47:42"
"766","29","220","Hot any way more small compare field.","5","1994-06-08 21:25:25"
"767","76","1157","Bank clear and whom weight.","2","1981-10-27 14:39:18"
"768","24","1854","Sit catch gas support small base both.","5","1971-03-17 06:20:06"
"769","16","638","Black federal human building nation major along attorney billion check.","5","2010-05-15 21:28:28"
"770","79","928","News start rise attack month until drug fly note big.","1","1998-09-01 08:49:34"
"771","97","1548","Ok available born much media offer cup factor skin give enjoy.","3","2001-09-03 04:07:41"
"772","10","1161","Daughter relate Mr despite both dream rise continue.","1","2018-04-29 16:21:33"
"773","89","729","Because clearly maybe under already main general.","1","1984-08-16 04:30:41"
"774","8","1658","Travel bill fire play lose right.","5","2022-04-18 16:05:07"
"775","98","1654","Guess industry guess itself coach simple hope.","3","2002-08-14 18:10:23"
"776","75","152","Feel travel moment both law statement crime meeting somebody across.","1","2022-02-01 03:09:28"
"777","67","877","Car he ok too image role teach Mrs.","4","1987-07-24 08:05:36"
"778","42","1870","Pass bad drive realize do.","3","1973-02-06 05:30:50"
"779","57","531","Opportunity join claim call sign area room.","4","2009-10-29 19:10:47"
"780","81","820","Bed store near head before enjoy expert player seek collection.","1","2002-12-19 06:48:08"
"781","54","1214","Shake type reach scene some ten.","1","2023-03-06 18:14:40"
"782","31","1963","Loss address long wife somebody site.","5","2018-01-10 20:43:07"
"783","66","1214","Within condition Mrs that talk on a outside less.","2","1997-07-11 05:58:25"
"784","23","928","Piece impact president production visit song member cover.","4","1987-04-23 21:54:53"
"785","54","1930","Walk who imagine trouble owner.","1","2005-03-02 09:35:42"
"786","62","898","Performance party PM maybe between thank wife open someone.","4","2020-09-25 03:16:28"
"787","2","896","Wrong one student there policy yet.","3","1997-12-13 16:55:27"
"788","30","1225","Present because newspaper former far.","5","1986-11-14 12:05:36"
"789","66","1343","Four degree feeling person author cell finish my factor.","4","1992-11-10 23:06:19"
"790","60","342","Senior provide body together mouth various child cultural base both.","5","2013-01-18 16:19:59"
"791","53","581","Each card street project company raise drive ground.","5","1980-09-20 19:27:52"
"792","47","1205","Sometimes pick their arm century teach drug lose home.","1","1982-10-17 13:08:16"
"793","95","592","Her page western order together education alone write camera road.","3","2007-09-08 07:32:41"
"794","13","360","Strong mention those outside occur participant development appear knowledge rich.","1","1975-03-04 19:22:32"
"795","50","598","Account cover central song remain.","2","1972-08-30 23:48:19"
"796","25","103","Provide hospital beautiful me thought cover her hundred probably.","5","1996-01-17 11:21:31"
"797","35","750","Perhaps against live life police energy give audience about box.","5","2003-04-06 00:24:10"
"798","5","1084","Understand cut include go message.","5","1970-04-25 02:33:00"
"799","72","21","Director benefit movie want increase shake stage what close.","1","2013-05-16 22:47:30"
"800","39","1656","Thus only bill later huge site right own show.","2","2022-05-08 08:51:10"
"801","81","1760","Knowledge discussion network then senior policy interesting.","2","1977-01-09 21:48:02"
"802","70","1735","Peace hold meeting minute another coach dinner prevent.","3","2018-10-26 11:30:49"
"803","39","218","Few morning executive old player world.","1","2006-02-20 11:04:37"
"804","71","1349","Know live at coach surface firm tree important.","1","2021-04-08 12:53:51"
"805","74","796","Beautiful difference report responsibility next record central.","4","1970-06-23 10:11:51"
"806","76","1285","Week peace officer particularly peace thought.","2","2008-12-17 19:23:41"
"807","6","1858","Happen name action spend well protect author indeed particular keep.","3","1972-03-24 13:17:02"
"808","90","868","Then wall again evidence yourself somebody light already.","2","1980-11-28 13:08:33"
"809","31","1215","Later can resource remember great.","5","1997-07-06 09:59:12"
"810","14","1286","Left mention ago region nor evidence once service.","1","2003-02-01 15:57:57"
"811","5","129","Body draw learn talk party side old build list.","1","1984-08-16 16:27:55"
"812","4","1157","Live lead wide knowledge charge lead music.","1","2015-04-12 22:24:38"
"813","20","639","Recently detail deal service agent already improve.","5","1984-11-27 06:40:40"
"814","51","1883","Say if tough voice interesting movie so writer price rise.","5","2009-08-21 16:08:50"
"815","11","1602","Family so choice record whatever behavior budget fall.","3","2014-05-22 10:44:23"
"816","49","312","Group top woman everyone quickly question majority personal music already.","4","2023-10-06 18:09:36"
"817","80","197","Term identify five year else front than choice toward return.","4","1972-05-06 19:14:27"
"818","17","899","Hope hand new I treat common hospital officer wish beyond.","5","1985-03-05 17:17:25"
"819","71","708","Item treat identify hold fast team dark century strategy hit.","5","1998-10-31 06:59:35"
"820","96","1267","Believe western chair usually political.","2","1971-06-08 06:10:27"
"821","43","39","Watch avoid action production whole.","4","1976-07-29 15:12:50"
"822","54","733","Computer keep form research.","2","1983-01-07 02:56:45"
"823","64","41","Recently plan food me sense energy.","2","2023-08-30 23:15:18"
"824","25","531","Whose same miss national put fear.","5","1980-04-25 03:10:25"
"825","49","1251","Poor with far success often bring five enjoy teacher work.","5","1978-02-22 15:39:29"
"826","80","135","Look true no remember if evening several produce class.","2","1972-05-02 08:35:35"
"827","29","701","Research government among pay maybe strong very look.","1","2022-04-30 22:17:52"
"828","46","441","Include material treatment floor result sound be.","2","1981-04-16 13:26:20"
"829","41","1865","National add senior sound that operation avoid morning their nation article.","1","2010-07-13 03:37:56"
"830","29","1469","Not participant theory raise.","4","1986-05-23 11:24:57"
"831","78","1395","Avoid about kid of allow subject space.","5","2014-04-25 16:50:40"
"832","17","1792","Window see soon administration natural tell whole.","4","2017-04-25 08:34:52"
"833","12","498","Myself cup pass like finish many kitchen talk throw receive.","4","2014-09-03 14:55:56"
"834","20","1345","Hit oil church story something name any option into western.","3","2006-06-24 22:03:14"
"835","18","32","Season we yes seem would level despite.","4","1997-04-18 22:30:22"
"836","20","1214","Full outside policy painting car main capital may message.","3","2020-12-05 11:03:26"
"837","7","134","Buy order begin future Mr benefit floor drug range.","1","1988-09-22 18:23:14"
"838","91","275","Shake measure start chance.","2","1995-01-07 23:57:27"
"839","28","481","Guy what little establish four sea candidate.","3","2003-12-23 08:45:37"
"840","5","1243","Series movement international toward change movie yard reason really keep.","5","2020-08-22 16:31:12"
"841","49","1043","Offer source maintain fire understand.","5","1989-09-25 18:35:16"
"842","56","1979","Board discover plan such computer.","2","1975-07-10 14:44:32"
"843","63","1156","Voice Republican radio customer two pass together where.","2","1979-11-25 03:08:04"
"844","42","1471","Memory around international building national artist physical still son.","2","1983-04-11 23:56:15"
"845","95","1079","Space consumer garden war international.","4","1978-07-04 06:00:28"
"846","8","360","Dog join brother live measure partner professor real trouble enter western.","3","1970-07-19 22:45:01"
"847","36","1418","Baby standard health hear rock only lot government off discussion.","2","2014-03-14 10:51:59"
"848","62","71","Where challenge week camera son book station spend instead now.","3","1986-12-04 08:54:18"
"849","47","1510","World huge kind phone popular seem.","1","2001-01-03 01:07:55"
"850","89","405","Piece energy Mrs wide team successful nor southern point travel.","4","2005-06-24 16:44:24"
"851","25","659","Hand school sense yard work when arrive.","5","2013-10-01 13:01:57"
"852","73","1770","Me whole available phone miss.","4","2000-07-11 14:46:11"
"853","89","975","However sister room structure pattern.","1","2008-01-21 23:35:24"
"854","93","1344","According action probably despite anyone himself.","5","1970-04-13 10:23:58"
"855","85","266","Paper only approach interest spring floor general during.","3","2018-09-15 23:29:18"
"856","49","1525","Contain available almost sometimes front.","2","1992-09-04 17:03:16"
"857","28","661","Cup question degree glass back wear kid economic attorney.","3","2011-09-21 17:29:28"
"858","11","1012","Day risk consider executive picture single per name available if.","3","2022-07-08 21:42:38"
"859","9","733","Southern number include keep draw issue hair evening mean debate.","5","2002-03-04 06:54:27"
"860","88","388","Little close part talk for difference sort require.","5","2019-10-30 13:28:49"
"861","17","1931","Through word help friend pull avoid military rich though lose dream.","4","2003-07-30 23:55:18"
"862","26","60","Face name we something collection staff job food.","5","1990-10-15 01:56:53"
"863","73","43","Price region another wide country center leg itself beyond.","3","2006-04-26 12:32:21"
"864","80","1714","Find level where resource event feel culture budget third without staff.","3","2014-03-29 09:56:35"
"865","94","179","Plant nearly often adult lose participant five poor.","4","2011-06-10 12:37:51"
"866","75","1657","Religious return baby bring expect sense later phone toward.","4","1977-02-04 04:37:35"
"867","43","1241","Herself well measure chair for what.","4","2002-08-17 19:28:22"
"868","64","166","Month little certainly couple choose wish add natural.","2","1997-09-07 19:02:41"
"869","15","791","Mean style thing around arm father brother some ready.","3","1976-08-11 12:25:08"
"870","35","867","Small any wide expect no ten mouth see visit such.","2","1988-03-16 12:58:57"
"871","21","1581","Type hot note employee population benefit same tax trouble.","1","1990-12-07 15:35:48"
"872","74","1859","Eye several party letter offer those want PM heart assume.","5","1991-01-17 21:56:41"
"873","65","431","Amount cultural as herself there people company thought.","1","2021-02-15 22:52:07"
"874","92","1875","Dream hold purpose walk member around.","2","1974-09-21 10:50:25"
"875","54","364","Dog man general defense situation according adult.","5","1983-03-31 05:15:39"
"876","22","794","Soldier standard back area save.","2","1984-11-21 11:46:56"
"877","54","1980","Need until believe with state garden far agent positive church.","3","1970-02-22 17:08:23"
"878","26","1765","Challenge her live full fly available sit behavior stay.","5","1998-01-08 00:31:37"
"879","31","298","Activity little purpose establish color agree.","3","1978-10-04 07:13:43"
"880","54","293","International thousand likely television consumer two good step.","5","1988-09-24 02:47:00"
"881","19","427","Forward wife president throughout owner which year natural require.","2","1998-10-30 02:15:04"
"882","35","1715","Head several expert whole try performance economic local dinner.","3","1993-05-19 01:31:46"
"883","46","576","Item add alone true heavy early movie positive future late.","5","2003-03-02 15:56:52"
"884","69","998","According former away near remember.","3","1993-08-14 08:13:47"
"885","44","1310","Far car clear front activity president forward.","3","1971-07-10 07:16:24"
"886","60","1318","Economy focus society actually and morning.","5","2004-09-28 15:36:50"
"887","11","1798","Too attention energy win exactly boy.","1","2002-04-28 15:12:03"
"888","34","1165","Wide mention fish compare Congress left management myself film.","5","1970-11-02 13:48:44"
"889","72","800","Himself economy vote make person heavy serious bad run church.","3","1990-03-16 09:12:30"
"890","50","385","Soon specific mission cold dinner social the party.","5","2017-02-20 04:36:07"
"891","23","1931","Most audience same to high wrong.","1","2007-05-17 16:48:09"
"892","96","1484","Give other mention future ask at.","3","2003-07-16 08:33:31"
"893","75","1292","Finally meeting agent guess for technology baby chance.","4","1975-12-03 12:56:48"
"894","43","1924","Little popular own somebody move.","1","2006-07-17 08:34:47"
"895","3","1469","Information old information feeling attorney station cause there when.","3","1975-08-19 14:33:32"
"896","35","775","Color property nation then today information marriage sport.","3","2000-04-11 13:06:57"
"897","50","349","Draw treat relate everybody and growth join term than economic.","1","1991-05-08 14:49:38"
"898","70","368","Conference foot pretty method without red anything enter.","2","1985-01-09 10:19:13"
"899","16","1525","Short mind dog talk matter building require cultural school us.","3","1993-12-23 16:28:56"
"900","39","1379","Certain design eight end material southern late again.","5","1997-04-03 00:31:30"
"901","7","635","Nature discuss piece event hope.","5","1972-04-16 07:59:58"
"902","72","1467","Important beautiful heart try owner her still.","5","2021-05-28 02:07:46"
"903","19","285","National ok store want short guy along well let experience.","2","2014-12-14 14:18:53"
"904","90","1858","Step picture area yard against control.","2","1984-11-22 11:07:05"
"905","32","665","Century them discussion instead discussion common and.","3","2019-05-14 01:27:43"
"906","63","368","Produce often talk administration responsibility current cell.","4","1970-08-29 21:43:33"
"907","17","1015","Dark of southern language hold middle take individual that major.","1","2004-01-02 20:12:22"
"908","85","1505","My always western meet huge how.","1","1982-11-28 11:09:20"
"909","22","540","Force civil she over while dream.","4","2002-06-04 05:51:14"
"910","25","1454","Figure source not piece alone wish low high simple.","5","2017-11-03 20:40:35"
"911","43","1326","Baby wife arrive although create.","4","2007-05-24 08:50:32"
"912","83","1279","Shoulder argue something since through write set enter left.","1","1990-08-11 03:37:14"
"913","61","1384","Public positive rather population fish medical chair matter.","4","2010-12-14 17:39:25"
"914","45","1105","Necessary prevent skin draw.","4","1989-09-10 18:01:24"
"915","35","939","Major gun blue health marriage life discuss.","3","1988-06-04 19:29:04"
"916","87","1715","Same tell camera customer else foreign hour single position.","4","1986-10-02 09:11:28"
"917","57","1456","Their about feeling born herself if old industry certain.","1","1993-04-12 23:46:12"
"918","3","1019","Begin wonder similar window continue bed large fish age second.","1","1978-06-15 11:19:37"
"919","97","891","Threat others water process go culture.","3","2001-01-30 07:05:27"
"920","63","1281","Study agency arm animal performance particularly difficult happy base.","1","1991-12-21 13:27:35"
"921","99","239","West grow second family physical news.","1","1986-03-27 23:18:57"
"922","27","739","Long enter say keep center.","2","2014-08-03 01:55:08"
"923","90","1858","Name ten already never item effort.","5","1989-05-16 10:55:29"
"924","85","1280","But life system admit Mrs heart great season car.","5","1974-07-16 00:35:55"
"925","23","1143","Visit glass try also trouble.","3","1984-08-26 06:33:09"
"926","39","807","Provide health share Mr full.","5","1972-02-09 18:15:00"
"927","16","239","Assume law concern create either house such PM card.","2","2014-03-28 17:36:08"
"928","77","967","How agree get tree sing trade others too activity prevent.","2","1996-06-14 08:47:31"
"929","73","1998","Upon church believe probably available scene wife.","1","2000-02-13 15:25:19"
"930","83","1371","Care paper can together according.","5","1999-02-12 07:16:30"
"931","20","1865","Today science chair everything everybody particularly political executive case hit trip.","1","1995-09-01 02:58:01"
"932","5","69","Situation plant less fight affect.","1","2018-07-03 22:31:48"
"933","0","1060","Be ground radio course only central truth sell skin.","5","1981-02-26 20:02:19"
"934","17","1067","Stage discuss speech though box team common last.","4","2016-11-04 02:57:03"
"935","13","1794","Owner person brother necessary fear.","3","1984-10-30 20:16:27"
"936","1","318","Score least leg start culture senior year law tell.","3","1991-06-06 13:36:24"
"937","92","651","Anyone charge billion land customer market food record situation.","5","1994-08-12 11:33:01"
"938","7","950","Beyond civil off bill behind art number several check notice.","1","1978-10-07 11:15:22"
"939","5","926","Stay less budget write could.","3","1971-01-26 06:46:54"
"940","76","586","That science customer raise hospital size help bank.","3","1976-12-01 15:13:08"
"941","88","1091","Dream far how ten green find evidence more smile.","4","2001-03-29 19:50:59"
"942","50","232","Oil police board north realize me character.","3","2000-04-13 00:48:19"
"943","32","1299","Art political particular no carry article everybody chair.","4","1986-07-19 08:59:23"
"944","16","1639","Growth your value house main since those.","5","2005-05-24 08:07:23"
"945","60","1133","Car decide consider ten town trade then scientist career.","4","2003-05-07 20:39:44"
"946","6","373","Family very despite whole media since agency officer.","4","2021-12-30 13:18:36"
"947","82","698","Course though may heart decision discover once physical child.","4","2011-07-25 10:15:33"
"948","92","486","Pattern case nothing loss step.","5","2007-10-24 18:11:11"
"949","48","1762","American team out another certainly house rate.","4","2008-01-25 19:36:09"
"950","80","1953","Seem develop religious hotel visit.","5","1976-02-12 17:35:44"
"951","72","50","Agency each both could cell step.","4","2002-04-14 07:47:33"
"952","4","1553","Music need however brother learn former animal.","1","2008-12-09 22:09:17"
"953","23","564","Argue look my civil sign newspaper itself by pressure write.","2","1985-12-21 10:39:27"
"954","35","304","Since after there six outside.","3","2021-01-15 21:19:15"
"955","71","1959","Positive hold write amount rock your peace.","4","2001-05-31 22:07:35"
"956","98","1327","Yourself where party item size administration only reality general shake.","5","1978-11-27 06:50:23"
"957","78","299","Wonder official west seem story machine trouble people especially.","2","1990-12-15 11:54:43"
"958","92","1917","Organization hold lose well yeah serve.","4","1978-04-23 18:25:49"
"959","54","4","Door order build road southern now international cause growth cause.","1","1982-11-15 11:05:24"
"960","83","1566","Administration out course good leg.","4","2001-12-01 12:38:15"
"961","93","1837","Instead star on light officer follow.","5","1987-08-14 17:07:59"
"962","47","1794","Early ago give kitchen page.","5","2008-04-26 14:45:05"
"963","52","1226","Trade recent senior sometimes enough.","4","2018-01-28 11:05:33"
"964","59","312","Full his learn section rich international.","4","2015-05-22 17:07:49"
"965","1","592","Finally sell spring member fact blood century us pass report.","5","2009-05-26 09:33:50"
"966","76","896","Area class wait contain college land.","3","2005-12-14 01:13:28"
"967","99","60","Certainly decision option court range character race already.","2","1974-03-13 03:57:33"
"968","42","615","Plant shoulder rock news top hair allow weight customer.","5","1989-01-26 07:27:31"
"969","54","59","Leader whatever report let region cost manage represent interview.","4","1993-11-22 05:00:23"
"970","62","1028","Employee shake defense end build effect address national early rise.","3","2007-09-06 08:46:15"
"971","89","428","Thank man wish term happy language edge.","4","2009-12-10 06:33:18"
"972","67","1517","Guess upon nice administration new test meet whom development.","5","1986-11-14 02:00:33"
"973","5","172","Beat after east north different hit four raise line building.","1","1998-12-04 03:22:13"
"974","68","266","Condition assume different listen seat sell go.","1","1989-12-03 18:06:45"
"975","1","805","Partner ever level third political set recognize.","2","1973-05-18 20:19:39"
"976","6","912","Visit majority quickly land series other relate a candidate.","1","2021-04-15 17:45:52"
"977","16","712","Important part green health build themselves change heart discussion.","5","1993-06-19 01:15:29"
"978","91","622","Morning check no personal mean end bring start people material boy.","4","2018-01-09 12:58:18"
"979","5","120","According particular attention rise company.","4","2002-07-28 11:47:02"
"980","20","564","Catch young service company to base.","4","2006-02-23 23:58:27"
"981","91","1251","Answer machine artist sit today.","1","2002-09-27 08:56:50"
"982","12","134","Anything hair community follow short to eat soon.","4","1971-07-05 00:39:43"
"983","22","1770","Final memory want east news.","3","1996-09-01 17:11:50"
"984","88","1010","Rock child generation effort produce best reason effect water.","5","1993-05-27 13:35:30"
"985","66","846","Foreign mean gas not people else.","1","1979-08-06 16:00:44"
"986","58","540","Light anyone international individual Democrat American news whose nor.","2","2009-12-14 16:13:29"
"987","66","1651","Doctor audience environmental sure live arrive.","5","1990-06-24 05:23:54"
"988","72","1678","Help same necessary chance because.","4","1983-09-19 08:27:02"
"989","86","1020","Religious mission author data only.","5","1982-07-13 02:30:05"
"990","41","1349","Beautiful discover find for guy this home until compare.","4","2000-09-20 07:13:08"
"991","64","1554","Order own reduce big agent here language.","3","1975-12-25 17:53:05"
"992","1","207","Perhaps work arrive discuss government thus.","3","1998-09-06 18:17:41"
"993","44","674","Good issue give stuff wait color place account gas what.","3","2008-09-09 21:10:47"
"994","69","1619","Situation event record require agreement.","4","1991-03-21 21:05:25"
"995","34","1306","Gun nature structure staff fly.","4","2016-11-02 14:40:09"
"996","68","805","Right may without explain game.","4","1985-01-09 23:53:13"
"997","38","1946","Story black under collection.","1","1990-03-22 11:30:47"
"998","1","1753","Hot cold sing lawyer response.","4","1970-10-19 06:57:28"
"999","9","1798","Benefit plan however talk push unit debate coach include boy.","2","2021-08-25 00:23:03"
