"0","14","46","1979-09-20 09:37:32","4","Stage which foreign attack give mother police sing truth positive theory."
"1","28","68","1997-04-18 22:17:43","2","Drive arm bad minute his production so he cost type air."
"2","57","47","2009-06-08 17:01:36","1","Evidence raise race usually environmental exist many training than."
"3","21","89","1998-09-18 01:51:31","5","Nature less author wish cost real case me."
"4","61","46","2010-07-20 06:10:15","4","Certainly experience understand budget responsibility mean pass."
"5","44","9","2019-05-28 18:14:02","5","Design face worker population role imagine teacher standard none maybe."
"6","99","9","1996-01-17 09:10:25","2","Score as public property southern."
"7","42","65","2009-06-09 05:14:29","3","Attention drop official community hold treatment blue share."
"8","78","93","1986-11-13 00:26:55","5","Travel own grow defense too."
"9","77","46","2001-06-20 05:06:31","4","Small off note but somebody wear possible north degree."
"10","39","14","1979-02-18 00:50:34","5","Fight song likely our for while popular voice."
"11","3","12","2020-06-30 23:07:30","2","Majority sit goal race international body."
"12","16","74","1978-07-01 20:45:20","3","Whether organization media it fund."
"13","53","49","2010-10-17 02:49:09","2","Right early success religious own view."
"14","13","33","1981-12-15 11:49:53","1","Author finish pass mention month water responsibility take girl oil."
"15","95","22","2003-01-08 02:24:21","4","Pm step population tree community voice indicate stop information baby lay."
"16","1","1","2020-05-04 14:46:59","3","Ready economic few court brother."
"17","21","74","1970-03-11 04:32:46","5","Start environment seat if real form off style speech activity."
"18","38","49","1977-12-13 19:44:26","5","Dinner condition class senior no budget."
"19","4","93","1990-05-01 03:03:51","2","Process war tax hold father subject."
"20","32","8","2013-05-05 20:46:09","2","Pick she tend health better authority."
"21","73","49","1993-10-14 22:58:43","1","Project drive offer then property either only health."
"22","0","14","2000-04-11 23:18:36","1","Drug degree half easy single realize number scientist stop as."
"23","11","68","2023-10-08 08:04:04","2","See success item race sound minute."
"24","2","32","1988-06-03 10:06:59","3","Carry better give charge health allow admit."
"25","19","9","2022-10-21 11:48:08","3","Per large position step material surface add significant."
"26","60","49","1974-02-09 10:48:52","3","Statement drop of work service modern."
"27","22","30","2021-08-04 01:14:15","4","Until collection send interesting occur know art certainly trouble."
"28","52","74","2022-07-25 11:08:37","1","Could brother clearly share beautiful."
"29","24","9","1986-08-07 17:12:33","5","Seat myself conference close almost kind."
"30","29","1","2011-04-30 15:35:18","5","Capital simple seat position above dream."
"31","54","64","1973-08-22 21:35:01","4","Into alone test listen grow."
"32","63","13","2012-08-16 17:19:53","1","Us hotel consumer green sea back large."
"33","76","85","1972-03-17 07:20:21","3","Describe TV vote turn window statement stop buy employee pass challenge."
"34","88","65","1998-01-24 08:53:17","4","Democrat later single cold heavy be arrive."
"35","42","30","1978-05-24 01:27:08","5","Others will beat per the practice modern field nation way."
"36","61","64","2001-05-06 22:26:43","2","Tonight own admit weight certain gas at food."
"37","49","74","2006-11-04 21:21:04","3","Particularly anyone choose simple again or moment official main laugh."
"38","30","12","1992-08-25 00:46:36","3","Eye event enough development personal anyone."
"39","85","10","2015-06-10 12:29:42","2","Yes middle night also bag trial."
"40","47","64","2016-11-29 00:12:23","5","Probably side eight through page high Democrat go."
"41","63","30","2009-03-30 06:09:38","1","Increase force authority option discussion move it single."
"42","39","65","1970-11-12 20:00:58","1","Common article feeling policy born interest defense song."
"43","67","68","1991-09-12 15:26:00","5","Health single as indicate figure."
"44","91","93","2003-07-08 20:16:43","2","Like identify letter beat war just perhaps consumer foreign."
"45","80","64","1973-05-19 05:16:34","4","Direction economy court message build fish lot piece."
"46","77","10","2021-04-08 17:00:14","2","Big if clearly owner remain service attorney."
"47","94","64","2017-01-22 10:28:18","2","Compare finish something back often child right goal management month."
"48","77","68","2011-08-15 03:48:42","1","Thought sell day picture nature."
"49","92","9","2008-10-18 06:09:33","4","Impact run accept maintain along only."
"50","59","85","2016-06-25 03:50:16","1","General discussion shake young car."
"51","49","9","2000-04-08 15:54:11","1","Result to surface action meet receive personal majority rule change."
"52","66","85","2023-06-26 19:25:27","1","Need significant lose gas thing."
"53","2","6","2011-07-23 02:30:35","2","Hair team hair apply apply news product."
"54","88","22","1971-04-03 00:00:09","4","Care whether contain future bring without system local remember."
"55","35","14","1984-07-30 16:15:55","2","Popular science trip this every."
"56","96","93","2006-07-07 05:16:13","4","Some if position family risk reach side set great person."
"57","28","9","2015-02-18 09:22:36","3","Still improve run group sing laugh after art of time."
"58","62","8","1997-03-27 04:46:53","2","Century road training like social."
"59","11","82","1991-11-23 12:30:25","3","Political partner bed ground customer full left bank law walk."
"60","18","1","2013-01-29 13:23:19","5","Adult message tonight benefit physical your customer."
"61","25","1","2011-01-22 12:13:12","3","Population federal friend difference result in level decision forget."
"62","75","93","1978-03-15 06:38:25","3","Community walk others prepare able others environment build agreement."
"63","53","23","1978-07-17 01:52:19","4","Wind light white tax short involve peace commercial."
"64","39","23","2018-12-22 08:53:34","4","Form analysis feeling good budget write success senior attack could."
"65","47","65","2019-10-16 03:11:01","5","Follow happen under car condition section various reveal."
"66","0","66","1995-06-18 05:34:06","5","Science back policy character these technology."
"67","3","66","1985-07-11 09:58:19","3","Pressure second than foot agency trade operation himself language."
"68","45","82","2003-01-23 03:04:04","3","Group gas there magazine how role trip difference election race."
"69","64","68","2009-05-12 09:33:53","2","Technology customer onto game interest safe the family."
"70","81","92","2005-05-12 09:06:18","2","Project radio however seat sing sister everyone."
"71","92","23","2004-08-09 07:01:02","3","Rule manager teacher company myself mean."
"72","47","85","1990-09-17 07:54:08","3","Girl able all weight two defense take religious."
"73","61","65","2008-08-09 19:24:00","5","Move lot on star real central treat like."
"74","9","1","2001-03-11 11:44:59","1","Almost mention walk son receive peace it base."
"75","33","68","2021-08-08 08:31:48","4","Blood own to dinner bill everybody allow fire consider my."
"76","88","29","2005-07-08 01:51:22","2","Marriage huge can girl talk listen job."
"77","25","76","2002-12-30 04:54:38","3","Particularly everything bill simple front million high."
"78","63","12","2011-08-02 12:23:34","3","Say despite top build green local their PM."
"79","84","66","1984-09-24 11:22:47","4","He experience thing participant agree behind matter strategy."
"80","85","29","2011-10-05 16:47:36","1","Herself nothing listen think will crime central tough political himself what."
"81","3","25","1972-06-20 08:38:01","1","Point continue same thank carry set state."
"82","71","12","1984-08-07 00:44:29","3","Leave above reflect yourself build drive ready well baby."
"83","51","73","1999-01-31 06:39:14","4","Economy see allow because recognize task."
"84","90","39","2018-09-03 14:21:32","3","When today add strategy music third debate method sport reason rule."
"85","39","82","2017-08-20 03:16:21","4","Ask boy be all card fact."
"86","13","82","2019-02-25 09:36:33","1","Some reason cold community success join civil opportunity let find."
"87","77","8","2018-10-17 12:51:28","5","Term pick reflect forget participant imagine him exactly."
"88","31","66","2001-03-31 22:21:33","5","Age year sign bring if either home north probably instead good."
"89","91","66","1985-05-08 16:16:42","4","Process road at time less put pattern medical citizen expert."
"90","1","49","1979-07-30 17:43:41","1","Writer police color official where face three."
"91","89","29","2002-02-24 04:05:33","4","If woman Mrs easy sign itself during."
"92","14","63","1970-06-22 21:43:06","3","Town nothing democratic source one."
"93","0","84","1974-12-04 15:48:41","1","Bill game site successful loss network free contain loss."
"94","88","12","1972-05-11 01:27:58","4","As under little Republican bed."
"95","49","18","1996-09-25 10:59:31","1","Above situation pull training responsibility continue stay trade."
"96","8","8","2014-12-23 04:06:05","2","Memory student hospital building information fact conference administration."
"97","88","9","2014-12-31 08:37:30","1","Firm young ok successful ball rate identify."
"98","67","13","2000-12-14 11:53:26","1","Computer get stay simple actually amount speak."
"99","40","9","1987-07-23 17:59:22","1","Knowledge add drop particularly successful item."
"100","1","73","1985-03-01 03:17:42","1","Scene bag despite might sometimes two seem be use."
"101","24","8","2023-12-09 12:07:46","2","President down time baby reflect as."
"102","19","93","1984-09-02 04:08:17","3","Successful low style society development."
"103","34","60","2009-06-11 12:37:15","5","Yes news size reveal gun us their figure."
"104","91","29","1992-05-02 03:28:26","1","Kid account space suggest candidate some rate act."
"105","42","86","2013-07-23 12:31:09","2","Teach price particular necessary suddenly worker between light."
"106","87","73","2017-01-22 23:48:31","1","Kind happy long improve wait poor finish."
"107","98","8","2010-01-09 01:13:46","5","Either really my two summer wide program."
"108","13","13","2005-02-12 16:51:09","5","Discover rather court well report success American cut majority course."
"109","5","63","1989-09-30 09:53:26","4","Talk way attorney nature so situation mouth."
"110","20","63","2013-11-27 14:16:05","3","Street study court game shake morning do cost hair section."
"111","24","93","1982-01-04 10:56:23","5","Current rock mean window card leg customer over family she theory."
"112","42","46","1994-04-19 20:22:12","3","Market sell research hope deep huge."
"113","46","7","2000-08-26 01:32:03","4","Effort magazine garden production production clearly try move agree."
"114","84","89","1996-11-12 17:09:11","5","Approach sign say participant choose themselves remain."
"115","50","0","2022-02-23 10:58:10","4","Day heavy as particularly color court work."
"116","76","86","2023-09-08 03:00:19","4","For PM crime break like establish."
"117","31","8","1998-12-14 18:56:18","3","Before contain young former your upon key just against."
"118","68","1","1986-02-08 13:34:09","5","Task I trouble her improve different view require trial."
"119","2","25","2013-10-14 08:34:14","5","Radio policy economy me cultural culture."
"120","72","82","1970-07-31 19:58:08","3","Song ready compare large among different among meeting more."
"121","1","9","1999-07-31 11:40:15","3","Morning maybe room recent safe."
"122","43","4","2012-12-27 22:11:13","1","Only order matter everyone easy method build million."
"123","21","37","1977-11-08 12:21:23","5","Cost property risk treat town kitchen."
"124","21","15","2001-12-21 15:14:11","1","Door direction wear whose issue place over bad."
"125","29","60","2003-07-18 12:53:31","1","Work gas thing modern for piece professional discover leg."
"126","26","72","2014-09-10 08:51:54","2","Western drop five dream firm allow walk quickly institution attack."
"127","3","76","2010-01-31 06:42:38","3","Although ahead where should present foot the more."
"128","46","0","2002-11-12 06:38:25","2","Teach soldier office yourself nearly interview able similar."
"129","29","31","1985-12-19 10:45:10","2","Hotel growth identify region hope full car we letter light."
"130","20","15","1972-06-24 23:55:35","2","Responsibility third nation house determine room officer listen."
"131","79","37","1992-07-13 05:19:25","1","Company meeting student successful future executive share study."
"132","89","48","2007-03-27 05:39:40","3","Really since see name kind would pay significant everyone wish policy."
"133","4","9","1996-09-03 15:39:05","1","Majority fish wait student must cost short add seek."
"134","60","1","1991-01-04 18:17:15","3","Nor art not face everyone be chance including decade."
"135","43","1","2018-12-16 09:04:28","3","When allow case enough life three teach feel person theory."
"136","24","86","1975-09-05 04:59:15","4","Result party will fine agent allow edge."
"137","35","37","1989-02-28 03:38:17","3","Different alone save strategy maintain car technology rise take."
"138","3","16","2013-10-22 16:12:57","5","Share allow street edge per card."
"139","33","86","1980-01-25 19:37:35","5","Reality morning today simply dark rate investment."
"140","84","42","2011-04-05 06:18:34","2","Sea always note first agree financial section large treatment."
"141","47","48","1977-10-08 08:01:26","5","Large chair pretty manager partner enjoy carry energy."
"142","23","37","2004-03-22 19:28:30","1","Short relationship floor boy defense."
"143","58","16","2012-08-10 06:23:14","4","Trouble arrive seven eight military wind modern language young suffer."
"144","68","89","2023-03-10 08:23:08","1","Long various ready analysis job."
"145","99","31","2015-02-10 07:47:17","5","Throughout develop must themselves billion program arrive behind commercial."
"146","5","72","2004-04-12 00:45:10","1","Wall care finish state food education leader event."
"147","74","9","1971-09-09 15:43:59","2","Win serious wrong home citizen feel method painting role."
"148","43","31","1970-12-10 11:45:36","1","Dog base bed message someone."
"149","66","4","1981-04-19 13:54:45","5","Instead financial professor certainly pass your yard ball."
"150","9","13","2016-09-19 15:35:15","1","Become product do them science radio."
"151","54","48","1992-04-20 16:22:14","5","Will any raise social audience later sell least partner."
"152","22","15","1994-02-13 08:15:08","1","Tell not painting author lead support."
"153","93","32","2022-12-30 06:19:55","1","President machine become deal affect trade live daughter check material."
"154","19","54","1993-12-15 16:09:59","2","Response debate exactly unit idea."
"155","6","5","2020-08-08 17:09:29","1","Western away voice political attack seem."
"156","55","37","2022-01-26 18:54:58","4","Scene say ever indeed protect nearly bank eye couple before."
"157","56","16","1990-09-28 19:22:54","5","Section herself heavy summer hospital term white."
"158","42","1","1982-01-09 04:58:47","1","This politics few order heart forward structure blue."
"159","3","1","1994-03-07 11:55:02","4","School between marriage often important wife large image."
"160","36","9","2001-03-02 15:43:24","1","Unit result evidence attack pattern trade."
"161","29","53","2012-06-04 02:14:48","1","Ask own control activity another."
"162","60","53","2012-12-24 22:50:46","4","Blood growth party his as edge while claim cut public."
"163","35","51","2012-09-27 01:54:08","2","Speech site above specific quickly the produce factor yeah quickly."
"164","88","97","2021-02-20 02:19:28","1","Range may show woman."
"165","51","72","1985-12-17 15:52:50","5","Draw nothing crime they better."
"166","67","53","2010-11-22 02:35:38","4","Forget expect late entire girl job material goal."
"167","73","1","2016-11-04 03:21:04","1","One I eat minute draw."
"168","21","9","1995-11-04 17:38:33","5","Kitchen picture investment response gun."
"169","54","97","1987-10-28 15:16:20","4","Try success resource hard game kitchen."
"170","86","97","2012-07-31 10:07:50","2","Baby far history run a record born majority music before."
"171","89","97","1997-08-31 12:08:17","4","Commercial whose rich modern late economic fight performance."
"172","88","91","1973-10-16 08:14:54","5","Seven field soldier hospital short."
"173","66","37","2000-07-28 09:33:19","2","Become defense time less service stock."
"174","24","72","1970-08-31 05:42:31","2","Player hour act task memory final stand important once."
"175","66","15","1995-12-11 16:06:22","2","Not raise allow side admit."
"176","46","54","2018-04-20 06:52:04","3","Begin of cover outside nothing support up."
"177","26","89","1986-06-18 09:55:00","5","Born employee cut sell determine star nearly concern."
"178","24","64","1988-12-28 02:29:55","5","Best deal figure else reach benefit."
"179","98","53","1991-05-20 15:23:39","2","Go price night several necessary pull boy debate involve increase."
"180","12","84","2004-11-03 07:33:34","5","Interest tell need leader company spring discussion truth prevent."
"181","39","47","1981-08-14 16:49:01","1","Police crime subject line seat break story."
"182","77","31","2001-07-06 04:55:46","4","Area near test glass face win crime gun."
"183","23","97","1988-11-19 05:08:36","5","Tree choose impact something media measure door attorney."
"184","53","53","1977-08-01 04:56:22","3","Appear take guy husband."
"185","44","53","2010-05-11 03:03:56","4","Prove trade exist require beat."
"186","97","97","2001-01-17 05:50:08","3","Then any baby physical realize method large paper."
"187","88","21","1977-07-02 04:04:29","1","Government adult radio audience chair property."
"188","21","97","2014-01-24 12:21:37","3","Energy could describe federal law capital race."
"189","27","18","1971-12-16 11:28:01","1","Forward Congress outside somebody foreign myself learn perhaps."
"190","89","61","1987-07-02 20:57:55","3","Writer information space account animal security just really."
"191","42","51","2020-11-15 01:45:19","3","Activity other research live interview meeting talk meet western."
"192","90","18","2009-02-16 12:07:52","5","Several scene court perform call there real key else grow."
"193","7","84","1976-09-07 05:03:34","4","Different professor market key important difference argue security reduce color."
"194","26","18","2021-11-24 04:34:44","1","Government success anything rise what race outside."
"195","81","10","1996-02-20 06:14:40","3","Magazine support there threat employee parent far."
"196","77","74","1980-05-29 13:28:37","1","Gun drive cold hotel feel yeah space day."
"197","36","35","2021-06-16 09:49:43","1","Artist hundred agreement west window often recognize believe."
"198","42","53","2010-09-11 23:27:50","3","To on degree future sometimes want."
"199","6","31","1988-08-06 21:47:34","2","Assume agency claim if she own meeting if claim hotel."
"200","0","61","2005-11-25 23:47:50","4","Never end usually break half who seek system worry."
"201","54","89","1989-05-24 17:10:16","2","Although build letter son start remember with try."
"202","57","91","1971-07-10 14:40:42","3","Ago student newspaper compare ahead into wait answer couple."
"203","82","57","2020-11-10 15:08:57","2","Among finally be scene save very would certain likely down marriage."
"204","8","50","2002-11-04 22:25:16","5","Wide five executive officer ready film attention result situation doctor."
"205","48","61","2004-10-18 07:50:26","1","Talk music everyone effect enter sometimes."
"206","22","16","1983-08-16 19:55:38","2","Interest plan music test player pick light particular pick manager."
"207","83","16","2017-07-18 09:31:40","5","Quite majority inside answer writer."
"208","94","59","2008-06-05 14:09:04","4","Fall within time reality green pick."
"209","14","72","2012-10-24 16:10:47","1","Middle apply live those arrive talk police truth."
"210","38","57","1983-01-16 07:15:04","4","Foreign increase quickly me although the eye."
"211","86","2","2002-01-08 20:24:22","2","Young power admit charge economy gun us."
"212","55","43","1972-06-29 01:29:18","5","Call spring read door number serve bed federal west."
"213","7","47","1994-10-25 06:25:55","1","Trial day world reality image."
"214","77","97","2019-07-17 21:58:26","3","Report role yard risk benefit keep quite special choice continue."
"215","10","16","1977-05-26 17:52:30","1","Remain scientist series state determine perform purpose anything yard support."
"216","3","10","2013-07-09 06:47:08","2","Here benefit record believe hand share nature policy."
"217","13","21","1983-03-09 03:51:51","1","Ok do word find operation."
"218","94","56","1990-09-17 23:03:21","5","Summer point thank agree result song write."
"219","9","82","1974-03-22 08:16:28","2","Explain create product firm there."
"220","3","86","1979-12-16 13:36:18","4","Thus she wide pass purpose fill rise group appear tough."
"221","39","61","1992-08-17 06:58:33","3","Political push result western subject guess campaign behind run."
"222","5","37","1976-08-17 09:56:30","3","Increase opportunity chair beyond one."
"223","52","95","1990-04-09 01:54:44","2","Republican popular send large sound."
"224","34","35","1976-06-14 18:49:53","4","Wish continue court data notice."
"225","56","59","1992-02-19 13:30:48","2","Sister law left their product test recently but role."
"226","80","15","2011-07-14 06:42:51","2","Scene film avoid quality."
"227","47","7","2016-03-17 13:10:03","2","Order church order certainly prove animal surface top."
"228","64","15","2003-04-08 01:26:29","3","Test participant animal consumer me house always."
"229","29","54","1979-12-13 17:01:43","1","Report four east cut weight term."
"230","31","50","2011-03-19 18:55:16","3","Seat either position vote from edge support newspaper section hot."
"231","30","51","1986-12-23 04:23:32","4","Ahead remain message boy material stand somebody mission born."
"232","94","43","2007-01-23 17:10:15","1","Case third few former spend ball ground."
"233","40","7","1973-05-30 17:30:09","3","Light without morning very agree college left rather."
"234","71","95","1977-01-05 23:21:03","1","Because various project rise some land."
"235","38","56","2021-04-14 16:07:57","1","War art different cover hot."
"236","2","41","1983-12-26 13:22:48","1","Person suggest capital if community."
"237","89","50","1983-07-02 08:16:15","3","Among allow another figure various matter since."
"238","40","51","1978-05-14 02:35:25","5","Over both worker response than good character."
"239","83","82","2019-11-18 21:24:16","5","Nature box learn television language party person."
"240","54","72","1984-10-25 03:31:23","1","Present now business bar board environment wait wall hit."
"241","41","4","2017-07-16 23:40:54","2","Easy respond ground treat space create explain prevent over."
"242","99","50","1995-12-04 23:06:25","4","Either agent career challenge visit author glass toward property."
"243","24","50","2019-11-27 08:13:50","5","Despite general for finish party."
"244","75","21","2017-09-29 12:18:39","4","Mr continue red pattern security third."
"245","49","3","1998-02-16 14:22:07","2","Research if show item minute traditional play he ready."
"246","41","63","2002-06-03 06:40:06","4","Tonight project girl drop consumer boy fill them."
"247","12","54","1997-04-26 06:16:08","4","Common challenge so news quickly above doctor reveal organization."
"248","27","63","2020-09-28 16:30:46","3","Into music operation stuff their help fly science as low."
"249","31","7","2013-01-14 18:53:59","2","Too hair fund national task price institution already."
"250","77","88","2010-07-01 18:06:11","4","Fine save money issue worry life thousand five."
"251","63","72","2012-08-28 01:10:47","1","Well building put leg participant field."
"252","76","2","2014-11-11 11:35:05","4","Nearly begin say the source."
"253","77","48","1989-04-21 04:42:44","4","Individual which treat memory well store."
"254","18","29","2019-03-09 05:36:21","3","Idea ready bit political which maintain."
"255","96","51","1986-06-20 15:42:48","3","Foot box west morning sell responsibility drug sure discussion check."
"256","83","44","1978-09-02 12:06:49","5","Beyond election receive thank yes."
"257","77","2","2008-07-20 17:22:57","4","Record seven act him last such."
"258","48","45","1986-05-29 19:11:43","2","Cup general TV tough onto leader."
"259","56","70","2003-05-13 18:42:09","3","Station wide east quickly why blue arrive gas."
"260","48","29","2000-07-01 18:55:41","3","Black size edge pick mention must people popular recent ever."
"261","68","95","1980-07-11 19:08:15","4","Care minute road need seem sell."
"262","77","21","2007-09-03 05:10:17","4","Attack visit too ok this suggest."
"263","78","41","1970-08-23 07:14:03","5","Doctor age treat thus under me."
"264","47","29","1996-12-07 14:21:38","1","Talk job simple light also."
"265","0","51","1976-10-23 03:38:02","3","Level station usually magazine who can book dream fine feeling."
"266","94","44","2014-03-26 02:46:53","1","Another describe heavy audience listen nature power girl organization test."
"267","81","36","1977-07-14 16:03:17","1","Drug about PM particular test control me land man magazine."
"268","23","2","1995-10-15 08:52:55","3","Choose tell evening media technology why window century art about."
"269","36","48","2014-08-17 20:38:12","4","Although throughout however there."
"270","35","36","2004-05-09 15:33:33","1","Ten art rather onto wait Mr I bill kid."
"271","31","2","1974-10-06 17:38:47","4","Range service network record community smile."
"272","54","79","2011-08-26 12:32:38","1","Be adult positive argue occur ability natural cover down instead."
"273","82","62","2022-12-05 09:06:18","1","Positive kid range data finish bit lay."
"274","21","82","1992-10-14 09:07:38","5","Staff pressure part foot."
"275","67","70","1998-07-12 05:30:22","1","Team perform lose building account seven must hard huge whose."
"276","25","29","2003-09-04 07:10:22","3","Time certainly series Democrat mention clear follow protect return."
"277","1","87","1989-11-17 08:44:06","4","Woman they wind seat process baby."
"278","0","10","2006-07-25 12:58:32","3","Attack sister benefit daughter why."
"279","92","21","1998-08-16 13:14:29","2","Beyond computer image walk night do thing recently like."
"280","33","82","1998-10-05 00:33:44","5","Give break reduce ball policy decide prevent forward language everyone."
"281","95","63","2008-03-25 02:03:47","3","Over make return rate compare."
"282","25","50","2006-04-28 08:47:11","1","Reason food will rest conference."
"283","88","88","2017-11-15 22:13:31","2","Term hundred investment decision minute model little land indeed close."
"284","14","64","2017-01-05 22:58:21","1","Return remain base dream station impact."
"285","22","88","2001-01-14 16:22:56","2","Picture run Republican bad push ground of."
"286","55","26","1974-04-06 11:09:06","1","Environmental send reflect nor today."
"287","34","73","2010-11-15 20:17:34","1","Station win degree arm issue whatever business get receive."
"288","14","10","1990-12-11 03:19:09","1","Adult compare tax article without tax."
"289","43","73","2009-07-02 05:22:18","1","Care here throw while such ahead notice establish."
"290","53","70","1996-11-28 08:52:33","5","City area owner do allow."
"291","0","47","2023-04-12 23:18:25","3","All food which middle commercial director garden institution thank seem."
"292","59","90","1988-06-30 13:31:53","1","Wind fill will seem yourself product hope."
"293","23","0","1984-09-09 11:18:05","4","Traditional within American resource ago where sport interest money."
"294","95","71","1977-03-01 01:26:51","3","However technology explain spring activity peace style."
"295","42","22","2009-03-10 05:53:41","3","Unit back let unit."
"296","90","50","2003-07-26 08:05:52","4","Fly goal serious radio imagine nature green how force."
"297","49","90","1977-05-31 21:26:46","3","Hour mother citizen hot animal office part."
"298","39","78","1996-10-19 18:35:58","3","Bill effect want PM debate authority turn upon few."
"299","27","22","1973-06-22 10:41:48","4","Debate soon part meeting thousand fish husband anyone research food."
"300","83","71","1987-02-21 00:22:49","4","Notice ready somebody score bar item fear now radio old."
"301","74","42","1979-12-31 14:44:40","3","As phone impact firm brother agree morning article trial film."
"302","77","58","1997-03-09 16:47:11","1","White sit bring collection loss week point even fall share."
"303","95","87","2002-09-28 23:12:13","5","Final military piece day sort probably time process range including."
"304","39","29","1972-11-09 04:00:33","3","Throughout report assume itself small seven our information brother our."
"305","75","49","1991-09-18 06:29:17","1","Although information organization partner but skill data."
"306","59","58","1996-03-11 09:57:39","1","Public talk animal view less receive movie travel country."
"307","5","90","1989-01-09 05:24:47","1","Worker painting many respond stop win."
"308","14","26","1980-09-17 19:27:32","1","Eye yes common up miss learn movie future smile."
"309","36","53","2020-12-21 01:12:52","4","Power quickly because page deep idea consider work interest leave."
"310","36","87","1983-01-04 07:07:38","1","Interest car mention run require nature firm."
"311","50","13","2001-09-22 04:18:24","2","Security customer stand ten energy."
"312","99","13","1976-09-28 10:39:17","5","Produce play sell generation whose."
"313","81","49","1998-11-01 12:41:33","3","Congress concern think scientist among."
"314","7","58","2021-05-09 22:55:40","2","Indicate forget single at."
"315","35","22","2014-01-03 13:18:41","2","Make evidence forget task ready white writer just."
"316","15","53","1986-01-04 21:13:37","4","Loss prepare similar want sit federal offer green today."
"317","25","89","1982-01-21 08:05:19","2","Mr attention again why also business ready."
"318","52","26","2000-02-11 00:09:05","4","Fight get positive believe bar able conference activity quickly second."
"319","8","66","2000-11-22 01:11:12","4","Country dream citizen north I."
"320","54","49","1997-11-24 02:20:32","2","Like recently begin worry wind cost officer production difficult into."
"321","1","13","1988-03-27 20:33:00","1","Hope enough friend point wife race threat price toward also."
"322","55","10","1993-07-14 01:11:23","5","Character economic tend issue state with."
"323","44","89","1994-08-08 08:19:14","2","Interview ground democratic professional energy until happy ok suggest."
"324","23","67","1975-12-07 17:42:06","4","Everybody read run research suddenly."
"325","3","22","2019-07-12 14:07:01","3","Behavior nation city major become media ahead example throw."
"326","48","58","2007-05-20 18:02:28","4","Less amount government air action anything team box leg."
"327","35","49","1975-12-20 06:25:48","3","Only seek speech ground past recently summer."
"328","52","49","1981-11-14 13:27:05","1","East include poor only reveal management name behavior fund."
"329","52","81","2011-05-08 17:40:37","1","Few do risk couple drop."
"330","77","14","1997-03-28 08:08:58","1","Account fall somebody stay main push capital article."
"331","92","22","1982-09-05 06:21:49","5","Difference determine time budget everyone bag mean act voice mother hair."
"332","96","15","2017-03-11 00:13:07","3","Stage chance with tough film indicate college message."
"333","8","81","1970-01-10 10:27:27","2","Fear act improve ability specific conference thank."
"334","84","34","2004-06-29 17:30:55","5","Color traditional meet like sometimes total gas who."
"335","24","89","2010-10-06 07:38:19","2","Sometimes old think stand magazine economy."
"336","87","34","1978-06-07 09:01:53","1","Better program several relate board color."
"337","76","26","1973-03-18 18:57:21","5","Hospital player least while us ground edge election draw build administration."
"338","70","42","1993-01-05 14:00:58","4","Fall big news anything hundred technology blue trouble kid."
"339","35","81","2018-06-29 05:10:53","4","Style story here throughout air maybe."
"340","85","42","1983-11-20 16:27:05","1","Animal structure control price media improve range certain."
"341","75","77","1981-10-13 04:26:06","1","Decision commercial trial military effort break want site everything."
"342","10","86","1977-09-03 14:46:30","1","Professional parent Republican of surface."
"343","48","22","1990-03-16 06:36:02","2","Do begin address accept thought force away."
"344","1","86","2001-11-29 23:39:08","4","Hand born remain happen chair."
"345","70","12","2016-09-10 13:25:26","5","Blue what never son purpose point son say trip type."
"346","76","25","1981-11-12 14:08:05","2","To here plan score bag factor thank choice data."
"347","31","31","2000-12-28 21:13:47","2","Rich officer art budget check during design brother power hundred."
"348","27","79","1993-05-01 10:46:37","1","Message author agency exist."
"349","81","86","1997-05-14 08:45:37","1","Value area single site itself western likely."
"350","23","25","1975-02-15 20:12:49","2","Reason side your couple appear this."
"351","55","49","1974-02-25 14:54:50","3","Seat bad north happy level partner."
"352","88","7","2020-03-24 04:48:42","2","Yes gun reduce theory foreign phone issue."
"353","28","12","1974-01-07 04:39:35","4","Care cover huge often around easy until data couple sea."
"354","10","14","1984-04-30 03:58:47","4","Think blood rather single ability hundred late turn somebody Democrat."
"355","83","80","1999-09-15 05:06:05","3","Citizen prevent read class return institution better explain much."
"356","21","79","2020-04-22 14:07:22","1","Despite learn step go authority tend throw."
"357","30","77","2019-04-01 14:27:40","5","Southern another civil first pass with computer reduce."
"358","65","77","1974-12-09 08:21:05","1","View power mean citizen my kid hot."
"359","68","67","1999-05-20 23:51:02","1","Role arrive kind tax record third stuff assume per face."
"360","94","81","1997-06-10 06:55:04","5","Baby market sell there sell treatment agree time remember compare."
"361","19","19","1976-12-25 05:26:42","4","Stuff conference method behavior contain difference media notice official."
"362","10","0","1983-09-13 08:11:07","2","Left three full young what floor those."
"363","82","3","1993-09-11 23:51:16","4","Foot face light responsibility already thought ground service."
"364","46","37","1981-02-21 12:55:40","4","Offer dark generation before process example group behind."
"365","35","55","2011-07-28 02:58:39","3","Admit father field evening hair force appear large set step."
"366","35","17","2022-03-09 09:25:36","3","Sit total notice machine tough culture modern until soon."
"367","45","31","1976-12-21 18:31:01","4","Major hour accept nation college instead toward reflect."
"368","58","13","2007-04-20 00:50:11","2","Successful nature ahead answer bit stand bank however environmental."
"369","42","14","2007-12-25 11:42:39","1","Wish nor medical green shoulder."
"370","63","92","2003-10-08 11:51:25","1","Next wish rate front care bad across attack federal."
"371","27","55","2000-06-01 20:49:39","4","Just guess production produce admit bring management help statement else."
"372","9","7","1984-05-23 02:30:31","5","Four plant yes wear subject dream treatment role of."
"373","5","89","1971-01-10 08:45:08","3","Several pass his maintain involve serious themselves."
"374","23","92","2018-04-24 07:46:19","4","Image edge pretty big father employee ready heart lay point."
"375","17","7","1988-01-26 20:08:51","3","Social where heart address throw cell product."
"376","32","27","2013-09-11 20:57:03","5","Marriage former reduce final whose population federal modern because finish."
"377","16","60","1981-11-11 00:40:49","1","Also court purpose consumer no."
"378","50","66","1984-01-26 13:45:35","4","Main type grow before likely voice science food believe difficult."
"379","36","7","1983-09-11 13:53:59","3","Staff store wonder sing window increase sort position woman."
"380","17","43","1973-02-02 23:20:40","5","Whose scene small shoulder staff while."
"381","44","31","1988-07-17 04:38:29","3","Guy baby move enjoy here idea board treatment support fine."
"382","44","55","1971-07-21 04:20:57","5","Cultural describe total customer environmental anyone technology fill third wear seven."
"383","94","55","1985-01-27 09:34:40","2","Seem society suddenly how cost."
"384","43","3","1985-07-13 03:23:26","3","System over ability blood she."
"385","17","77","1972-01-30 21:26:14","5","Back product apply international interview class."
"386","18","47","1982-11-25 15:17:29","5","Create should within run fast three share station."
"387","6","27","1995-08-15 04:32:16","1","Reduce other force talk notice."
"388","35","66","1995-06-30 06:18:20","2","Care once wall program involve factor economy week war."
"389","65","66","1983-11-14 11:21:30","2","Newspaper let general wait cover item."
"390","89","1","1978-11-09 15:54:30","4","But with yourself send push agreement likely first pretty bank."
"391","59","50","2009-10-24 05:31:02","5","Cup impact lawyer gas room miss responsibility enough any."
"392","53","37","1980-02-02 06:49:04","3","Support house gun enter computer hot."
"393","67","26","1979-10-18 02:59:48","4","Probably each believe me serious."
"394","21","1","2009-10-05 08:07:01","2","Possible significant others attack spring where."
"395","81","66","2021-02-05 09:51:55","3","Table significant film particularly generation language public purpose chair."
"396","5","77","1990-12-02 18:46:23","3","Sense focus population rather benefit sort leave drug size."
"397","63","35","2005-02-21 03:20:20","4","Exactly off generation trip speech turn sea every."
"398","58","30","1991-05-18 17:18:00","2","Everybody stuff responsibility yard if care stand."
"399","98","1","2015-02-06 04:04:21","5","Candidate us enough decade difficult fact decade win sense where."
"400","35","62","1992-02-02 16:36:57","3","Parent bed cell back from health turn."
"401","50","37","1977-12-06 05:04:22","2","Enjoy medical cold probably seem personal here score look."
"402","15","47","1990-09-30 20:57:50","2","Event by space able middle concern."
"403","44","47","2014-01-22 18:20:42","4","Pm life head laugh political fact."
"404","37","75","1974-03-26 18:35:30","2","Admit force brother mention send modern."
"405","58","27","2016-07-18 16:33:25","3","Inside defense enter skin certainly article support less star interview street."
"406","56","1","1988-01-17 04:19:44","2","Beyond sport exist speech accept read walk."
"407","0","1","1981-07-21 10:49:50","5","Evidence all me television project."
"408","68","30","2012-02-08 20:04:09","2","Note necessary heart put employee suggest until man."
"409","31","43","2009-03-20 21:47:00","1","Analysis she physical hospital we."
"410","70","0","1977-06-24 02:32:58","4","Week data other learn suddenly."
"411","38","21","2017-08-15 09:44:13","5","State receive already do."
"412","37","72","2002-04-12 21:37:11","3","Social not most reveal any type cup mother also leader."
"413","38","92","1983-12-15 15:13:27","3","Parent tell realize response agent if."
"414","27","7","2000-07-26 12:06:06","4","Early kind say operation hand six."
"415","7","36","1974-04-30 12:39:15","4","Hotel manage situation now activity next Democrat pass."
"416","40","30","1998-11-22 12:02:44","4","Discover there become cold hold economic Republican result."
"417","78","36","2006-08-05 01:30:03","5","Today one none strategy."
"418","84","1","2018-07-19 02:53:27","5","Mrs man reality two worker country spend management that down cultural."
"419","54","62","1999-09-09 05:28:36","3","Enjoy still he bar various."
"420","27","35","2021-03-20 16:00:00","3","Security never conference far us quickly."
"421","44","72","2022-02-25 19:51:36","2","Magazine necessary enjoy enough main rule myself follow."
"422","57","72","1970-07-14 22:56:25","5","Different real short economic society."
"423","6","8","1997-11-19 16:38:29","2","Article line idea I author especially popular win."
"424","99","8","1982-04-14 01:51:05","4","Suggest central no policy kind various."
"425","20","96","2016-05-17 19:44:28","4","Enter glass drive project bring next shoulder design."
"426","21","80","1970-10-20 12:48:16","1","May method tough crime military officer character pick."
"427","51","0","2002-06-04 20:57:10","1","Daughter yourself film peace yeah animal land bring design local."
"428","96","80","1998-04-09 16:57:05","5","Hospital story each language prove including would model."
"429","19","86","1974-01-29 16:01:56","4","Pick soldier message as guy front."
"430","15","43","1974-02-09 06:40:45","4","Campaign prevent laugh final animal a senior."
"431","61","5","2014-09-17 01:21:38","3","Red research magazine cold along."
"432","57","80","1998-05-24 20:13:29","5","Trip structure natural too girl large although coach drop."
"433","14","0","1972-04-30 10:15:05","4","Do again go order vote believe pick follow receive education."
"434","36","43","1984-06-05 01:40:40","5","Race develop scene democratic power reveal drug crime."
"435","43","35","1995-07-03 13:20:25","3","Thus apply off relationship easy."
"436","89","90","1989-05-13 07:53:44","4","Player job nothing fast save smile."
"437","7","24","2019-08-29 16:11:38","1","National adult together east force."
"438","46","31","1973-01-22 10:31:48","4","Cold score brother street scene though."
"439","9","34","1987-09-03 21:28:41","2","Drive stop country step cost."
"440","45","21","2014-06-12 14:55:59","1","Serious authority accept billion radio public enter."
"441","30","31","1990-12-31 05:07:42","5","Table picture safe home father street sister of."
"442","82","34","1984-09-04 02:56:25","2","Easy set old office oil."
"443","25","36","1972-08-25 08:56:18","2","Company peace smile stuff production lawyer real evening."
"444","78","72","2020-05-04 06:49:06","3","Owner wrong allow feel several lead."
"445","58","63","1996-06-03 14:07:46","2","Customer item own dream material generation enough something."
"446","25","71","1980-07-13 13:38:51","4","Us million knowledge cultural action they figure."
"447","74","95","2015-06-15 05:43:05","5","Hold call through grow he."
"448","3","5","2014-09-18 12:22:31","5","Federal share successful technology nature arm group."
"449","17","8","1998-09-13 18:42:44","4","Same part opportunity public win me at recently everybody community."
"450","92","45","1986-06-29 15:10:35","5","Matter whole nothing continue six loss under thought."
"451","58","21","1999-07-23 03:36:29","5","Fine into western head what risk wide before create."
"452","78","71","2010-04-02 21:27:20","3","Movement bill green peace power together stuff just spend."
"453","77","95","1987-07-17 17:08:49","3","Floor machine space magazine thank strong space responsibility pretty every."
"454","83","35","1976-02-07 13:12:12","1","Ahead high we little law director cell cover one."
"455","10","90","2002-05-25 14:05:14","1","Former chair necessary appear behavior likely."
"456","73","79","2007-11-08 10:18:03","5","None final ever might data."
"457","97","76","2014-10-17 07:19:08","1","Hundred industry spend see establish which."
"458","45","80","1977-06-11 10:40:56","4","There woman leg especially your tonight you."
"459","53","43","1978-11-17 15:18:55","1","Budget enough their environmental many center yes current."
"460","2","95","1993-06-17 20:29:20","1","Character third science forget including price big."
"461","47","50","2022-12-05 15:25:21","2","Large low season consumer surface short."
"462","51","77","1999-08-26 11:37:49","5","His worry serious because happy where actually offer late."
"463","98","71","1986-11-07 15:01:18","3","History study my yourself store stand in."
"464","80","94","1973-07-06 07:54:00","5","Difference project remember same challenge miss market."
"465","70","3","1979-12-29 00:54:11","5","Nice item machine long network condition machine model about."
"466","28","20","2001-12-09 06:15:46","3","Worry pull test work whether change fall while option."
"467","49","76","2011-03-31 22:56:57","2","Official job threat check land result."
"468","11","31","2000-01-13 20:38:44","5","Check grow why group early happy value small night watch."
"469","99","14","2005-01-10 00:51:46","3","To learn front tend available standard since same more strong."
"470","8","0","1979-12-22 00:48:08","2","Learn song our interview radio make should tonight according teach."
"471","64","72","2008-10-17 14:55:20","1","Them machine break against physical plan age entire rather include claim."
"472","58","10","1990-09-07 03:49:34","2","Already artist know special education far price say size level."
"473","85","37","2003-02-22 10:47:11","5","Girl happen identify card down director small research."
"474","6","60","2009-04-08 02:49:55","4","Son fine it to too TV final."
"475","13","86","1980-04-30 15:16:30","2","Car would peace mention blood sing key indicate."
"476","47","86","1983-10-07 14:58:36","4","Firm surface must control father marriage."
"477","46","30","1993-05-02 17:31:44","2","Outside car southern development myself project personal operation when."
"478","7","75","2011-09-06 00:56:18","5","Discover capital owner world apply beyond explain."
"479","14","30","2022-04-28 14:07:40","4","Debate approach campaign break improve clear community."
"480","90","37","2013-11-06 19:03:47","5","Six than land wonder mean board technology property thing subject."
"481","99","30","2008-11-29 03:24:01","2","Doctor adult yard authority represent these amount partner political type."
"482","47","75","1981-07-22 12:52:41","5","Energy blood ball perhaps throw economic standard morning recognize character."
"483","1","71","1998-07-29 16:06:52","1","Drop continue dream car."
"484","98","10","1981-07-02 08:40:06","3","Product explain scientist six yet leader usually artist road common."
"485","20","94","1999-08-01 17:47:47","5","After at structure unit use performance prevent throw become."
"486","20","43","1985-06-17 17:21:41","3","Structure quality experience note nor west civil seem occur."
"487","84","46","1997-07-02 18:20:14","1","Experience forget future street international get commercial age."
"488","35","45","1988-01-28 17:10:23","5","Firm describe maintain fly around."
"489","57","24","2008-01-12 09:41:36","1","Join series treatment brother area deep future budget first natural."
"490","67","86","1972-02-08 20:18:42","5","The rise Mr always yet son."
"491","81","14","1974-06-13 21:04:34","1","Room win spend letter actually building generation her trip safe most."
"492","86","57","1976-02-23 06:26:23","1","Never difference herself television professional."
"493","72","57","2007-05-26 21:39:18","2","All and ball sort base trouble around his miss garden reveal."
"494","20","41","2004-06-22 23:23:25","3","Effect establish contain in throw."
"495","19","95","2018-06-04 09:00:47","4","Keep sell cover difference teacher occur us marriage."
"496","65","30","1984-06-10 04:53:22","5","School important practice cup his compare successful where attention by."
"497","74","4","2017-03-31 12:02:00","2","Real leg truth analysis assume civil mention can who book doctor."
"498","33","43","1981-12-17 06:18:40","3","Fall player factor simple reach image by dog begin."
"499","86","59","1989-12-22 13:16:43","3","View participant again star wonder something feeling everything people very."
"500","69","7","2023-04-30 16:53:26","3","Plant wind oil town should we around become affect nice own."
"501","74","45","1977-06-21 04:07:54","1","Writer cause music cost build little movement."
"502","36","72","2018-05-19 18:00:50","5","Fund control family fund police sister good admit clearly."
"503","32","29","2000-05-18 10:07:43","4","Nice do trade mean soldier as late car."
"504","93","24","2004-03-29 01:55:51","3","National I approach test choice."
"505","20","57","1997-01-21 12:35:35","4","Listen operation again network will enjoy set everybody customer."
"506","25","72","1995-11-23 22:46:01","4","Provide lose party enough possible get hear."
"507","31","82","2023-04-13 00:51:03","1","Court idea only several it pass present peace important anything."
"508","94","97","1981-01-08 22:27:55","4","Happen herself add cost save bar."
"509","16","18","2022-02-05 03:07:20","1","Edge good across everything including physical certainly."
"510","8","16","2014-05-09 19:07:58","4","Piece reach grow second here officer."
"511","84","43","2005-07-07 09:14:58","1","Executive election wide cost full much water water night a."
"512","49","4","1981-03-17 12:17:56","4","Pressure responsibility tax station compare card summer network Mrs."
"513","1","65","2012-11-15 04:47:40","4","Certain such become reason support."
"514","98","62","1975-03-14 23:51:03","4","Perhaps pressure third two tonight such century."
"515","43","65","2019-03-18 05:01:27","4","Issue between four indicate bit inside send arrive since draw."
"516","92","46","2016-08-26 10:36:11","2","Challenge letter people rock most hundred black name."
"517","82","74","2002-05-06 11:17:44","5","Nothing house account blue from."
"518","4","64","2001-03-22 02:25:45","4","Smile perhaps many relationship simply provide drug interesting."
"519","93","78","2019-08-10 23:47:56","3","Cultural loss sit final nation."
"520","27","93","1993-06-28 15:45:34","2","Arrive actually time we system laugh catch."
"521","30","64","2005-11-02 21:02:26","1","Herself ready structure seem your social put should create seat."
"522","65","38","1980-11-06 22:21:54","1","West later doctor like history trial."
"523","80","84","2022-08-24 16:07:01","5","Federal raise raise country small bag morning."
"524","74","59","2001-02-04 09:24:18","3","Keep off who radio baby against man people study."
"525","49","29","2020-04-10 14:02:27","5","Exist story total that ability discuss side east protect."
"526","92","50","2021-12-29 11:28:08","2","Address school line executive apply market."
"527","75","64","1998-06-27 06:10:58","2","Our number leave either."
"528","65","47","2023-07-05 04:57:40","4","Such through future challenge wife study believe might."
"529","96","62","1970-05-27 19:11:20","2","Agent often animal available prevent."
"530","9","98","2023-09-30 04:24:18","1","Artist case hit enter night long choose they."
"531","52","38","2015-01-26 14:01:02","3","Town find indeed like himself ability start."
"532","59","97","1990-03-09 13:42:52","2","Computer simple image newspaper west bit guy themselves simple water."
"533","19","94","1978-07-27 15:59:38","3","Military indeed size economic exactly."
"534","26","4","1978-10-19 15:56:53","5","Day per writer avoid."
"535","71","64","1991-10-28 10:11:49","5","Fill rest week anything watch."
"536","48","93","1984-08-08 06:32:21","1","Modern reach worker free difficult television full hospital agency focus nation."
"537","18","30","2001-12-26 18:06:36","5","Seven sell agent walk we plan peace."
"538","59","64","1977-06-05 12:40:01","4","Have newspaper know set try lawyer member town audience boy."
"539","93","71","2004-01-13 10:52:09","3","Bag seek before leader perhaps serious air wide sell."
"540","75","52","1973-05-18 18:19:58","4","Capital exactly cause cause just sure job cause others."
"541","81","3","1982-07-19 21:32:14","4","Fill attorney scene card school white laugh."
"542","4","12","1994-01-14 21:09:55","5","Mrs partner direction cause sure best seven senior body."
"543","8","29","2005-05-15 18:13:10","2","Detail forget success test risk many skill explain wear likely cup."
"544","17","65","1979-05-05 16:59:44","1","Still foot generation seven around choose type star."
"545","57","29","1973-08-06 03:37:25","1","Majority him front view share exactly nothing member edge."
"546","72","73","1974-04-17 13:44:16","5","Nearly certain civil direction apply market the billion oil."
"547","32","47","1985-03-28 16:35:19","3","Area though American light property production when."
"548","5","71","2015-08-11 14:44:38","3","Usually Mrs where range let discuss along."
"549","24","94","2015-08-30 07:46:10","2","Common identify pressure physical glass nor hand bring way be."
"550","62","38","2007-09-20 11:25:45","4","Rather national wind thus hour book development poor agency rate themselves."
"551","53","38","1984-09-16 18:27:30","2","Second kitchen let box white executive care office."
"552","92","42","1988-05-12 09:03:34","3","Phone maybe wall race culture stuff."
"553","13","30","1987-08-07 22:08:18","2","Claim dinner generation million voice would base sometimes."
"554","98","17","1976-06-22 03:13:35","1","Among professional let authority true land."
"555","38","82","1995-12-02 08:24:07","5","Writer middle enough can century affect item reduce."
"556","41","29","1993-04-09 23:24:36","2","Minute call former drug according green movie several next."
"557","9","69","2013-05-21 20:44:40","3","Unit heart allow line."
"558","69","74","2008-07-21 13:11:11","5","Century fund right risk science it."
"559","65","79","1991-12-13 16:23:23","4","May item support but present lead science type."
"560","86","14","2008-01-31 01:16:59","1","Its laugh beyond standard who there attention."
"561","66","27","2002-03-11 03:36:48","4","Leave yeah rich attack crime western."
"562","19","65","2017-08-16 14:48:22","4","Recent general enough newspaper author our like language enter year."
"563","84","18","2012-09-11 20:45:28","5","That couple successful hit never concern wind write."
"564","31","69","2021-07-03 19:03:44","1","Audience our young mention agree."
"565","87","90","1994-05-12 05:33:20","3","Door data add bit pressure position."
"566","21","73","2002-09-06 23:26:47","4","However race movie a mean according buy country thousand anything."
"567","85","44","1971-10-01 01:45:29","1","Performance very hit development nor much government although he."
"568","0","73","2008-10-14 19:45:27","5","Decade soon than operation hope together may."
"569","8","40","1972-12-01 21:43:28","2","While together center radio nor after last."
"570","15","84","2022-06-28 14:13:40","2","Others case girl late respond under."
"571","57","59","1972-08-28 05:39:31","5","Later wait fine world person thus anyone find after easy."
"572","0","12","1994-06-07 18:20:09","3","Society hot management simple tax manager."
"573","20","29","2003-04-09 02:26:50","2","Skill single defense baby outside indeed."
"574","10","73","1984-04-10 14:32:11","4","Congress environment positive language speech improve center experience."
"575","57","78","1991-11-11 14:48:50","4","Design near in wife Mrs gas perhaps."
"576","65","86","1992-11-09 15:52:46","2","Manager know very suggest less first fire candidate."
"577","66","9","1973-11-16 06:21:41","3","Personal show analysis subject between set hair face worry listen."
"578","11","20","2010-08-18 05:33:39","4","Yourself itself charge talk total sign difference."
"579","84","29","1980-05-22 10:38:07","4","Point surface effect dinner once woman score total important."
"580","19","31","1996-11-06 23:15:20","2","Memory stock win say inside same nearly."
"581","97","69","2021-05-28 15:24:51","1","Its then same ball indeed drive discover me yet."
"582","87","51","2012-10-09 12:45:09","3","Way free particularly health air at."
"583","16","26","1982-09-22 16:56:23","3","Position suffer feel must."
"584","6","81","1994-01-13 21:01:31","2","Forget require discussion give begin choose box move film chance writer."
"585","41","38","2022-12-10 23:20:16","4","Suggest by technology produce kitchen do far gas."
"586","61","90","2022-08-29 23:35:47","5","Officer within price fast police focus personal."
"587","15","88","2022-10-15 21:13:19","2","So majority bad little especially natural subject person research cultural."
"588","25","73","2022-10-01 14:43:04","5","Meeting street that protect everything."
"589","46","22","2002-10-16 16:04:09","2","Night successful heart fire down hundred thought."
"590","48","13","2011-01-20 00:50:34","1","Effort save head knowledge middle price."
"591","25","15","2011-04-14 17:26:29","2","Once trouble star recognize minute occur."
"592","64","69","2010-08-13 03:20:38","4","Huge great page cultural mind professional nothing tax remain eye."
"593","58","9","2008-10-07 07:49:30","1","Pick me south military edge future day sister president out."
"594","93","29","1999-03-02 10:26:53","1","When least way sell the keep."
"595","77","60","1986-04-10 15:28:03","3","Consider reality rock ground southern blood movie inside PM indicate."
"596","40","17","2018-02-08 02:47:09","2","Early positive side generation really trouble you cost."
"597","26","81","1984-07-18 09:36:18","1","Term professor hair low same four approach relationship."
"598","9","55","1980-08-20 04:59:14","1","Administration under run standard issue short analysis live force."
"599","31","47","1988-09-17 11:08:55","2","Authority accept detail environment message own each industry agreement."
"600","78","26","1999-11-27 18:03:10","2","Receive health must strong movement material above."
"601","26","3","2022-12-05 17:13:39","5","Concern follow smile music somebody my."
"602","50","33","1992-08-17 01:46:19","2","Now perform clear drive oil to."
"603","89","59","1972-11-03 01:34:00","2","Seem between today that glass spring pressure Mrs throughout."
"604","19","0","2007-06-30 12:07:20","3","Practice huge indicate financial full candidate father lose."
"605","92","85","2023-11-13 23:50:17","3","Most idea past establish claim student point."
"606","26","44","1978-10-29 12:31:03","2","Develop child before memory great happen executive speech recent season."
"607","88","38","1977-03-16 02:27:14","3","Your wide exactly another break investment appear I."
"608","17","42","1996-03-17 18:49:37","3","Task those high almost should."
"609","63","55","2016-04-23 12:13:13","3","Nor wear alone politics career age religious."
"610","2","61","1979-06-26 05:53:46","2","Probably loss treatment behavior weight tough side."
"611","27","78","2012-07-22 20:16:50","2","Writer tax top management person."
"612","62","85","1995-04-09 15:04:36","1","Image stock ten between carry spend."
"613","73","43","1980-02-13 17:18:06","4","Out three include able all toward someone least."
"614","64","38","1983-07-23 10:47:13","3","Quality peace my doctor property rise worry draw loss."
"615","83","77","1981-10-28 04:41:44","4","Social all according special friend rich those set hair participant."
"616","94","6","1994-11-06 13:38:52","5","Far always condition actually thought capital one."
"617","76","69","2003-10-07 21:37:47","4","Southern discussion window listen question notice despite walk according."
"618","83","26","2016-05-08 12:59:41","3","Within about parent design door industry heart hour air experience."
"619","6","33","2012-03-29 18:56:34","3","Instead design relate space surface by Democrat."
"620","61","13","1990-04-15 05:51:45","1","Value my hard policy consumer ago."
"621","72","31","1999-12-07 05:05:34","4","Understand fight season develop book though program."
"622","34","7","1974-09-12 05:08:20","1","Outside good scientist behavior choose different throughout."
"623","11","59","1992-05-11 16:44:30","5","Purpose American international value."
"624","77","87","1993-09-18 08:32:59","5","Home season away reality wish very ball call."
"625","77","98","2014-01-26 07:38:06","1","Entire station book consider miss religious talk state."
"626","62","24","2016-01-19 00:50:06","3","Born themselves explain industry agree modern nice pay."
"627","86","81","1993-04-14 16:44:34","5","Beat hard thousand sure eight year once federal area."
"628","95","38","1979-03-20 07:40:41","5","Time race water partner fine consider gun bed occur under."
"629","49","68","2002-11-17 00:47:27","2","Into must commercial provide near report already grow."
"630","63","85","2017-01-29 02:10:07","5","Clearly father fill become great local."
"631","72","81","1992-10-13 18:57:28","3","Already minute sell present both."
"632","23","40","2000-02-26 10:50:51","4","Challenge rest brother Republican stand know employee resource lawyer actually."
"633","51","88","2005-11-25 00:59:06","3","Interview someone stage establish surface."
"634","99","87","1993-11-12 00:11:29","5","Especially else cultural risk produce hotel budget me."
"635","3","24","2009-09-04 07:11:36","2","Which nation amount charge agent type."
"636","1","96","1997-04-09 22:01:40","5","Yeah forget defense really rise environment hit."
"637","77","52","1983-11-04 05:00:49","1","May citizen affect people sure human important hair."
"638","98","26","2000-12-22 19:38:41","4","Human anyone scientist break collection report law focus hear activity."
"639","93","94","1984-11-12 07:09:09","5","His recognize street hundred start training character."
"640","92","19","1974-02-12 02:55:48","5","Fall people it move station."
"641","57","57","1996-03-14 17:13:47","3","Let very police college edge tough."
"642","65","98","2019-07-26 18:52:09","3","Fast note occur among leader democratic star poor listen personal."
"643","66","55","1993-12-31 18:25:18","1","Building discuss Congress its owner condition woman myself."
"644","89","5","2001-06-28 13:07:38","2","Interesting alone stop expert life very get property discover."
"645","56","53","2007-12-20 12:40:43","5","War task who investment enter represent budget bad see work."
"646","4","94","2009-10-30 09:12:01","1","Season full heavy among community ok current happen lay particular."
"647","91","62","1985-04-11 16:16:08","4","Clearly measure painting wall film."
"648","56","14","2016-03-09 03:39:30","3","Term better chance international cold difference shoulder natural."
"649","59","63","2011-08-05 13:27:59","5","Baby big grow food minute."
"650","74","21","2013-08-07 00:02:59","1","Rather wonder only far fine direction."
"651","39","1","1998-07-01 14:43:20","3","Write fall foreign participant attorney low arrive."
"652","33","72","2011-08-09 22:50:53","3","Give crime his thousand show."
"653","27","13","2023-05-06 11:16:52","1","Those conference give test improve gun."
"654","26","69","1994-03-05 23:19:18","1","Training for property effort themselves class."
"655","64","16","2002-04-28 02:56:43","5","Doctor hundred issue on suddenly big nature indeed very."
"656","29","14","1978-05-04 04:13:20","3","Practice store call laugh half understand series very yes realize suffer."
"657","73","47","1991-04-10 21:49:33","1","Enjoy head sport level establish enough far perform nor."
"658","12","70","1985-09-18 08:39:26","1","Shake fish society election develop again personal guess."
"659","79","33","1993-08-14 15:14:26","5","Up account easy half."
"660","70","73","1993-07-07 09:36:15","4","Animal employee serve require public young daughter."
"661","32","79","1985-09-14 09:01:00","5","Usually carry poor approach increase."
"662","91","52","1997-07-09 16:07:16","5","Professional record care culture."
"663","89","51","1995-12-14 22:11:14","1","Can impact low need skin nearly letter compare almost determine."
"664","88","57","1990-08-25 20:43:35","4","Plant far program use blue range hand wonder."
"665","73","10","2013-05-01 19:06:41","4","Process phone ball tend."
"666","25","67","2018-06-16 18:28:24","2","Building sell south any item pattern."
"667","54","5","2002-07-04 07:04:09","1","Major turn collection worker policy not man open site amount hold."
"668","95","46","2020-04-20 23:33:35","4","Let create accept mouth imagine."
"669","47","72","2014-08-30 16:16:10","2","Citizen go safe even gas could court."
"670","94","21","1988-10-10 21:17:35","2","Into interview ready task various sign day us."
"671","5","34","2003-03-08 06:40:46","5","Follow century base view time president raise."
"672","40","43","1983-02-01 01:03:48","5","Eye century growth business but however PM development act."
"673","17","6","2002-01-31 09:04:20","2","Born speak seek interview focus when great many."
"674","74","50","1985-06-01 14:19:20","3","Science face service director he sound box right."
"675","28","77","1983-10-11 04:12:34","5","Seem bed develop talk vote prove participant."
"676","41","68","2009-04-10 12:04:50","2","Significant safe great cut such him of address."
"677","81","52","1982-05-03 05:02:50","3","Human heart one near something author."
"678","63","69","1988-10-25 02:40:06","4","Nice few well mind wish her a young."
"679","36","57","1986-09-17 05:49:37","2","Garden picture look down apply cut brother manage court every."
"680","82","94","2020-04-28 16:11:06","3","Growth mention argue boy writer perform whatever later."
"681","72","51","1988-06-22 18:42:01","5","Either voice like develop second without."
"682","77","91","2005-02-21 12:45:24","1","Wind recently lot type somebody cause Democrat."
"683","68","94","1972-10-09 10:18:34","2","Education idea town focus wrong fall."
"684","98","85","1978-11-15 14:09:41","1","Data news image little star case role no state cover."
"685","22","71","1989-04-16 14:52:00","4","Although discussion watch exist yard ever security fine type."
"686","34","62","1988-05-14 03:36:10","3","Drug data but artist support."
"687","64","4","1987-05-01 20:54:25","3","Network economy conference likely usually other marriage practice your happen."
"688","43","34","1999-09-07 08:25:45","4","Culture seek side fight visit."
"690","3","71","2011-10-30 15:29:11","3","So model everything age stage head behavior fear focus east."
"691","92","52","1999-01-14 04:35:55","1","Coach the star certainly discover cover any everybody anything."
"692","66","35","2020-04-11 13:23:08","2","Car something learn arm suggest fire fly accept wait service window."
"693","85","55","1994-09-13 00:58:45","5","Find admit six call if partner only push yeah indicate."
"694","5","15","1990-11-07 21:55:24","1","Trial us way girl yeah worry subject."
"695","55","22","2001-12-12 15:46:06","3","Exactly garden style behind throw school individual reason."
"697","81","87","1995-04-02 21:38:56","2","Travel against base so less scientist town sister think."
"698","6","3","1983-12-20 18:36:17","1","First new Congress turn theory art."
"699","7","18","1985-12-21 20:11:28","2","Stay painting a time international blood contain reality also."
"701","96","73","1992-04-12 18:24:01","4","Talk what right on heart recently inside middle candidate his."
"702","41","89","1975-09-01 08:16:01","2","Billion here page team area bed common military."
"704","82","24","1995-10-07 05:02:01","2","Six measure maybe expert study."
"705","28","2","1990-12-02 19:38:20","2","Water like student local onto rather movement pretty sort."
"706","57","64","1992-02-12 20:38:10","5","Day evening east I himself."
"707","34","26","1977-02-28 12:17:10","3","Actually pull song number others tough site fear really."
"708","23","19","2020-06-16 10:36:53","2","Finish institution trouble long account person."
"709","33","13","2001-01-01 00:47:20","2","Forget far treatment positive improve."
"710","0","30","1999-10-20 23:32:09","1","Life the attack choice question."
"711","31","65","2013-07-31 16:10:41","4","Decade until yard either."
"712","8","45","1986-06-30 20:23:01","5","Field remain friend to treat see media attorney."
"713","25","65","1975-08-05 10:07:22","1","Where letter heart history matter."
"714","67","19","1976-03-24 07:55:25","2","Soldier market bad off magazine ground yeah along area."
"717","70","82","1977-05-13 12:15:25","1","Ball now in industry resource stay."
"718","64","19","2006-11-12 07:51:55","2","Adult other though whatever husband market training trouble few cost."
"719","82","27","1976-01-20 07:00:18","5","Hear represent activity bank worry save."
"720","27","6","1992-03-25 23:42:47","4","Card image doctor may option."
"721","21","43","1990-02-10 02:03:51","3","Answer girl decision space our beautiful take consider indeed bring."
"722","20","40","1999-05-08 19:48:28","5","Important environment series position pass certain attack reason."
"723","65","2","1983-02-17 02:40:09","5","Have total again fast give total least."
"724","3","77","2012-10-12 01:04:41","5","Here way performance despite say man important technology book lot."
"738","90","85","1996-03-24 18:26:09","3","Student entire perform likely brother."
"749","88","70","1992-06-30 11:51:10","3","Source budget scientist be ball better Mr."
"753","77","54","1975-01-09 21:58:22","4","Evidence success still decision not assume receive human instead."
